name,post_code,address1,address2,tel,jsog_code,senkoishido,fujinkashuyo,shusanki,ivf,hai_ranshi_toketsu,kenbijusei,social_ranshitoketsu,teikyoseishi_aih,pgt,jis_art,japco,city_id,prefecture_id,
勤医協札幌病院,38510,菊水4条1-9-22,,011-811-2246,10002,1,0,0,0,0,0,0,0,0,0,0,5,1,
北海道がんセンター,30804,菊水4条2-3-54,,011-811-9111,10003,1,1,0,0,0,0,0,0,0,0,0,5,1,
青葉産婦人科クリニック,40021,青葉町6-1-9,,011-893-3207,10004,0,0,0,1,1,1,0,0,0,0,0,9,1,
手稲渓仁会病院,60811,前田１条12-1-40,,011-681-8111,10008,1,1,1,1,1,1,0,0,0,0,0,10,1,
市立函館病院,418680,港町1-10-1,,0138-43-2000,10009,0,1,0,0,0,0,0,0,0,0,0,12,1,
函館中央病院,408585,本町33-2,,0138-52-1231,10010,1,1,1,0,0,0,0,0,0,0,0,12,1,
函館五稜郭病院,408611,五稜郭町38-3,,0138-51-2295,10011,1,1,1,0,0,0,0,0,0,0,0,12,1,
秋山記念病院,418502,石川町41-9,,0138-46-6660,10013,0,0,0,1,1,1,0,0,0,0,0,12,1,
小樽市立病院,478550,若松1-1-1,,0134-25-1211,10014,0,1,0,0,0,0,0,0,0,0,0,13,1,
八雲総合病院,493197,東雲町50,,0137-63-2185,10015,0,0,1,0,0,0,0,0,0,0,0,55,1,
日鋼記念病院,518501,新富町1-5-13,,0143-24-1331,10016,1,0,0,0,0,0,0,0,0,0,0,15,1,
苫小牧市立病院,538567,清水町1-5-20,,0144-33-3131,10017,1,1,0,0,0,0,0,0,0,0,0,23,1,
岩城産婦人科,530032,緑町1-21-1,,0144-38-3800,10018,0,0,0,1,1,1,0,0,0,0,0,23,1,
国家公務員共済組合連合会　斗南病院,600004,北4条西7-3-8,,011-231-2121,10019,0,0,0,1,1,1,7,0,0,0,1,2,1,
神谷レディースクリニック,600003,北3条西2-2-1,日通札幌ビル2F,011-231-2722,10020,0,0,0,1,1,1,7,0,1,1,0,2,1,
市立札幌病院,608604,北11条西13-1-1,,011-726-2211,10021,1,1,1,0,0,0,0,0,0,0,0,2,1,
JR札幌病院,600033,北3条東1,,011-208-7150,10022,0,1,0,0,0,0,0,0,0,0,0,2,1,
札幌厚生病院,600033,北3条東8-5,,011-261-5331,10023,0,1,1,1,1,1,7,0,0,0,0,2,1,
NTT東日本札幌病院,600061,南1条西15,,011-623-7000,10024,1,1,1,0,0,0,0,0,0,0,0,2,1,
札幌医科大学,608556,南1条西17,,011-611-2111,10025,1,1,1,1,1,1,7,0,0,0,1,2,1,
北海道大学,600808,5,,011-716-2111,10027,1,1,1,1,1,1,0,0,0,0,0,3,1,
KKR札幌医療センター,620931,平岸1条6-3-40,,011-822-1811,10028,1,1,0,1,1,1,0,0,0,0,0,6,1,
美加レディースクリニック,620933,平岸3条13-5-21,南平岸ビル1～3階,011-833-7773,10029,0,0,0,1,1,1,0,0,0,0,1,6,1,
北海道病院,628618,中の島一条8-3-18,,011-831-5151,10030,1,0,1,0,0,0,0,0,0,0,0,6,1,
札幌東豊病院,650017,北17条東15-3-1,,011-704-3911,10033,0,0,0,1,1,1,0,0,0,0,0,4,1,
天使病院,658611,北12条東3-1-1,,011-711-0101,10034,1,1,1,0,0,0,0,0,0,0,0,4,1,
森産科婦人科病院,700037,7条通7-左2,,0166-22-6125,10035,0,0,0,1,1,1,0,0,0,0,0,14,1,
旭川赤十字病院,708530,曙1条1-1-1,,0166-22-8111,10036,0,0,1,0,0,0,0,0,0,0,0,14,1,
市立旭川病院,708610,金星町1-1-65,,0166-24-3181,10037,0,1,0,0,0,0,0,0,0,0,0,14,1,
旭川厚生病院,788211,1条通24-111,,0166-33-7171,10038,1,1,1,0,0,0,0,0,0,0,0,14,1,
みずうち産科婦人科,788234,豊岡4条3-2-5,,0166-31-6713,10039,0,0,0,1,1,1,0,0,0,0,0,14,1,
旭川医科大学,788510,緑が丘東2条1-1-1,,0166-65-2111,10040,1,1,1,1,1,1,0,0,0,0,0,14,1,
医療法人社団慶愛病院,800803,東3条南9-2,,0155-22-4188,10041,0,0,0,1,1,1,0,0,0,0,0,17,1,
帯広厚生病院,800024,西14条南10-1,,0155-65-0101,10042,1,1,1,0,0,0,0,0,0,0,0,17,1,
釧路赤十字病院,858512,新栄町21-14,,0154-22-7171,10043,1,1,1,0,0,0,0,0,0,0,0,16,1,
北見赤十字病院,908666,北6条東2,,0157-24-3115,10047,1,0,1,0,0,0,0,0,0,0,0,18,1,
名寄市立総合病院,968511,西7条南8-1,,0165-43-3101,10048,1,0,0,0,0,0,0,0,0,0,0,31,1,
帯広協会病院,800805,東5条南9-2,,0155-22-6600,10052,1,0,0,0,0,0,0,0,0,0,0,17,1,
産科・婦人科北見レディースクリニック,900020,大通り東2-11-1,,0157-31-0303,10055,0,0,0,1,1,1,0,0,0,0,0,18,1,
王子総合病院,538506,若草町3-4-8,,0144-32-8111,10059,1,1,0,0,0,0,0,0,0,0,0,23,1,
砂川市立病院,730196,西4条北3-1-1,,0125-54-2131,10069,1,0,0,0,0,0,0,0,0,0,0,36,1,
白石産科婦人科病院,30005,東札幌5条6-6-28,,011-862-7211,10072,0,0,0,1,1,0,0,0,0,0,0,5,1,
医療法人社団のぞみ会レディースクリニックぬまのはた,591304,北栄町2-27-7,,０１４４－５３−０３０３,10073,0,0,0,1,1,1,0,0,0,0,0,23,1,
おおこうち産科婦人科,600062,南2条西8-10,,011-233-4103,10074,0,0,0,1,1,1,0,0,0,0,0,2,1,
セントベビークリニック,600001,北1条西2-1,札幌時計台ビル2階,011-215-0880,10076,0,0,0,1,1,1,0,0,0,0,0,2,1,
中村記念愛成病院,900051,高栄東町4-20-1,,0157-24-8131,10077,0,0,0,1,1,1,0,0,0,0,0,18,1,
医療法人社団卵会とまこまいレディースクリニック,530802,弥生町2-12-5,,0144-73-5353,10078,0,0,0,1,1,1,0,0,0,0,0,23,1,
さっぽろARTクリニック,600807,北7条西4-1-2,,011-700-5880,10079,0,0,0,1,1,1,0,0,0,0,1,3,1,
カレスサッポロ時計台記念クリニック,600031,北1条東1-2-3,,011-251-2221,10080,0,0,0,1,1,1,4,0,0,0,0,2,1,
福住産科婦人科クリニック,620043,福住3条1-2-24,,011-836-1188,10081,0,0,0,1,1,0,0,0,0,0,0,6,1,
五輪橋マタニティクリニック,50039,南39条西11-1-30,,011-585-3110,10082,0,0,0,1,1,1,0,0,0,0,0,7,1,
円山レディースクリニック,600001,北1条西25-1-16,,011-614-0800,10083,0,0,0,1,1,1,0,0,0,0,0,2,1,
市立釧路総合病院,850822,春湖台1-12,,0154-41-6121,10084,1,1,1,0,0,0,0,0,0,0,0,16,1,
金山生殖医療クリニック,600001,北1条西4-1-1,三甲大通公園ビル2階,011-200-1122,10085,0,0,0,1,1,1,0,0,0,0,0,2,1,
北海道医療センター,630005,山の手5条7-1-1,,011-611-8111,10086,0,1,0,0,0,0,0,0,0,0,0,8,1,
中央メディカルクリニック,600042,大通西5-11,大五ビル１階,011-222-0120,10087,0,0,0,1,1,1,0,0,0,0,0,2,1,
さっぽろARTクリニックn24,10023,北23条西3-2-37,第２北進建鉄ビル２F,011-792-6691,10088,0,0,0,1,1,1,0,0,0,0,1,3,1,
エナ麻生ARTクリニック,10045,麻生町2-2-7,中川ビル 2階,011-792-8850,10089,0,0,0,1,1,1,0,0,0,0,0,3,1,
青森市民病院,300821,勝田1-14-20,,017-734-2171,20001,1,0,0,0,0,0,0,0,0,0,0,190,2,
エフ．クリニック,300843,浜田3-3-7,,017-729-4103,20003,0,0,0,1,1,1,0,0,0,0,0,190,2,
青森県立中央病院,308553,東造道2-1-1,,017-726-8111,20004,1,1,1,0,0,0,0,0,0,0,0,190,2,
八戸クリニック,310081,柏崎1-8-32,,0178-22-7725,20005,0,0,0,1,1,1,0,0,0,0,0,192,2,
八戸市立市民病院,318555,田向3-1-1,,0178-72-5111,20007,1,1,1,0,0,0,0,0,0,0,0,192,2,
下北医療センターむつ総合病院,358601,小川町1-2-8,,0175-22-2111,20008,1,1,0,0,0,0,0,0,0,0,0,197,2,
弘前病院,368545,大字富野町1,,0172-32-4311,20011,1,0,1,0,0,0,0,0,0,0,0,191,2,
弘前大学,368563,本町53,,0172-33-5111,20012,1,1,1,1,1,1,7,0,0,0,0,191,2,
健生病院,368511,扇町2-2-2,,0172-55-7717,20013,1,0,0,0,0,0,0,0,0,0,0,191,2,
八戸赤十字病院,391104,大字田面木字中明戸2,,0178-27-3111,20014,1,0,0,0,0,0,0,0,0,0,0,192,2,
レディスクリニック・セントセシリア,300944,筒井八ツ橋95-12,,017-738-0321,20016,0,0,0,1,1,1,0,0,0,0,0,190,2,
三沢市立三沢病院,０３３－００２２,大字三沢字堀口164-65,,０１７６−５３−２１６１,20017,0,1,0,0,0,0,0,0,0,0,0,196,2,
つがる総合病院,370074,字岩木町12-3,,0173-35-3111,20018,1,0,0,0,0,0,0,0,0,0,0,194,2,
婦人科さかもとともみクリニック,368087,早稲田3-20-6,,0172-29-5080,20019,0,0,0,1,1,1,0,0,0,0,0,191,2,
岩手県立中央病院,200066,上田1-4-1,,019-653-1151,30001,1,1,1,0,0,0,0,0,0,0,0,230,3,
さくらウイメンズクリニック,200871,中ノ橋通1-4-22,中ノ橋106ビル 4F,019-621-4141,30002,0,0,0,1,1,1,0,0,0,0,0,230,3,
岩手医科大学,283695,医大通2-1-1,,019-613-7111,30004,1,1,1,1,1,1,0,0,0,0,0,248,3,
岩手県立大船渡病院,228512,大船渡町字山馬越10-1,,0192-26-1111,30005,1,0,0,0,0,0,0,0,0,0,0,232,3,
盛岡赤十字病院,208560,三本柳6割1-1,,019-637-3111,30006,1,1,1,0,0,0,0,0,0,0,0,230,3,
岩手県立久慈病院,280014,旭町第10割1,,0194-53-6131,30007,0,0,1,0,0,0,0,0,0,0,0,235,3,
岩手県立二戸病院,286193,堀野字大川原毛38-2,,0195-23-2191,30010,1,1,1,0,0,0,0,0,0,0,0,240,3,
岩手県立宮古病院,270096,崎鍬ヶ崎第1割11-26,,0193-62-4011,30012,1,0,0,0,0,0,0,0,0,0,0,231,3,
岩手県立中部病院,248507,村崎野17割10,,0197-71-1511,30014,1,0,1,0,0,0,0,0,0,0,0,234,3,
東北公済病院,9800803,国分町2-3-11,,022-227-2211,40001,1,1,1,0,0,0,0,0,0,0,0,264,4,
仙台市立病院,9828502,あすと長町1-1-1,,022-308-7111,40003,1,1,1,0,0,0,0,0,0,0,0,267,4,
東北大学,9808574,星陵町1-1,,022-717-7000,40004,1,1,1,1,1,1,4,0,0,0,0,264,4,
宮城県立がんセンター,9811293,愛島塩手字野田山47-1,,022-384-3151,40008,0,1,0,0,0,0,0,0,0,0,0,273,4,
仙台赤十字病院,9828501,八木山本町2-43-3,,022-243-1111,40011,1,0,0,0,0,0,0,0,0,0,0,267,4,
仙台医療センター,9838520,宮城野2-11-12,,022-293-1111,40013,1,1,1,0,0,0,0,0,0,0,0,265,4,
坂総合病院,9858506,錦町16-5,,022-365-5175,40016,1,0,0,0,0,0,0,0,0,0,0,270,4,
京野アートクリニック,9800014,本町1-1-1,大樹生命仙台本町ビル3F,022-722-8841,40018,0,0,0,1,1,1,7,1,0,1,1,264,4,
スズキ記念病院,9892481,里の杜3-5-5,,0223-23-3111,40019,1,0,0,1,1,1,0,0,0,0,0,276,4,
大崎市民病院,9896183,古川穂波3-8-1,,0229-23-3311,40020,1,0,0,0,0,0,0,0,0,0,0,280,4,
石巻赤十字病院,9868522,蛇田字西道下71,,0225-21-7220,40022,1,1,1,0,0,0,0,0,0,0,0,269,4,
たんぽぽレディースクリニックあすと長町,9820003,郡山1-16-8,,022-738-7753,40023,0,0,0,1,1,1,0,0,0,0,0,267,4,
みやぎ県南中核病院,9891253,字西38-1,,0224-51-5500,40025,0,0,1,0,0,0,0,0,0,0,0,284,4,
宮城県立こども病院,9893126,落合4-3-17,,022-391-5111,40026,1,0,1,0,0,0,0,0,0,0,0,264,4,
仙台ARTクリニック,9830864,名掛丁206-13,,022-791-8851,40027,0,0,0,1,1,1,4,0,0,1,1,265,4,
仙台ソレイユ母子クリニック,9820014,大野田4-31-3,,022-248-5001,40028,0,0,0,1,1,1,0,0,0,0,0,267,4,
東北医科薬科大学病院,9838512,福室1-12-1,,022-259-1221,40029,0,1,0,1,1,1,0,0,0,0,0,265,4,
秋田赤十字病院,101495,上北手猿田字苗代沢222-1,,018-829-5000,50001,1,1,1,0,0,0,0,0,0,0,0,303,5,
市立秋田総合病院,100933,川元松丘町4-30,,018-823-4171,50002,1,1,1,0,0,0,0,0,0,0,0,303,5,
秋田大学,108543,広面字蓮沼44-2,,018-834-1111,50003,1,1,1,1,1,1,7,0,0,0,0,303,5,
中通総合病院,108577,南通みその町3-15,,018-833-1122,50004,1,0,0,0,0,0,0,0,0,0,0,303,5,
大曲厚生医療センター,140027,8-65,,0187-63-2111(,50006,1,0,0,0,0,0,0,0,0,0,0,312,5,
由利組合総合病院,158511,川口字家後38,,0184-27-1200,50007,1,0,0,0,0,0,0,0,0,0,0,310,5,
能代厚生医療センター,160014,落合字上前田地内,,0185-52-3111,50008,1,0,0,0,0,0,0,0,0,0,0,304,5,
大館市立総合病院,178550,豊町3-1,,0186-42-5370,50010,1,0,1,1,1,0,0,0,0,0,0,306,5,
平鹿総合病院,138610,前郷字八ツ口3-1,,0182-32-5121,50012,1,0,1,0,0,0,0,0,0,0,0,305,5,
秋田厚生医療センター,110948,飯島西袋1-1-1,,018-880-3000,50013,1,1,1,0,0,0,0,0,0,0,0,303,5,
池田産婦人科クリニック,120036,両神142-3,,0183-73-0100,50016,0,0,0,1,1,1,0,0,0,0,0,308,5,
大曲母子医院,140014,大曲福住町8-18,,0187-63-2288,50018,0,0,0,1,1,0,0,0,0,0,0,312,5,
清水産婦人科クリニック,100041,広面字糠塚116-1,,018-893-5655,50019,0,0,0,1,1,1,0,0,0,0,0,303,5,
山形県立中央病院,9902292,大字青柳1800,,023-685-2626,60002,1,1,1,0,0,0,0,0,0,0,0,328,6,
山形市立病院済生館,9908533,七日町1-3-26,,023-625-5555,60003,1,0,0,0,0,0,0,0,0,0,0,328,6,
山形済生病院,9908545,沖町79-1,,023-682-1111,60004,1,0,1,1,1,1,0,0,0,0,0,328,6,
山形大学,9909585,飯田西2-2-2,,023-633-1122,60005,1,1,1,1,1,1,0,0,0,0,0,328,6,
すこやかレディースクリニック,9970801,東原町19-27,,0235-22-8418,60006,0,0,0,1,1,1,0,0,0,0,0,330,6,
鶴岡市立荘内病院,9978515,泉町4-20,,0235-26-5111,60007,1,0,0,0,0,0,0,0,0,0,0,330,6,
日本海総合病院,９９８－８５０１,あきほ町30,,0234-26-2001,60008,1,1,0,0,0,0,0,0,0,0,0,331,6,
山形県立河北病院,999－3511,谷地字月山堂111,,0237-73-3131,60009,0,0,0,1,1,1,0,0,0,0,0,343,6,
米沢市立病院,9928502,相生町6-36,,0238-22-2450,60011,1,0,1,0,0,0,0,0,0,0,0,329,6,
ゆめクリニック,9920026,東3-9-3,,0238-26-1537,60015,0,0,0,1,1,1,4,0,0,0,0,329,6,
公立置賜総合病院,9920601,大字西大塚2000,,0238-46-5000,60016,1,0,0,0,0,0,0,0,0,0,0,356,6,
山形県立新庄病院,9960025,若葉町12-55,,0233-22-5525,60017,1,0,0,0,0,0,0,0,0,0,0,332,6,
いちかわクリニック,9600112,南矢野目字鼓田6-1,,024-554-0303,70001,0,0,0,1,1,1,0,0,0,0,0,363,7,
福島県立医科大学,9601295,光が丘1,,024-547-1111,70003,1,1,1,1,1,1,4,0,0,0,0,363,7,
福島赤十字病院,9608530,八島町7-7,,024-534-6101,70005,1,0,0,1,1,1,0,0,0,0,0,363,7,
大原綜合病院,9608611,上町6-1,,024-526-0300,70006,0,0,1,0,0,0,0,0,0,0,0,363,7,
乾マタニティクリニック,9638026,並木3-5-18,,024-925-0705,70007,0,0,0,1,1,1,0,0,0,0,0,365,7,
太田西ノ内病院,9638558,西ノ内2-5-20,,024-925-1188,70009,1,0,1,0,0,0,0,0,0,0,0,365,7,
寿泉堂綜合病院,9638585,駅前1-1-17,,024-932-6363,70010,1,0,0,0,0,0,0,0,0,0,0,365,7,
竹田綜合病院,9658585,山鹿町3-27,,0242-27-5511,70011,1,0,0,0,0,0,0,0,0,0,0,364,7,
会津中央病院,9658611,鶴賀町1-1,,0242-25-1515,70012,1,0,0,1,1,0,0,0,0,0,0,364,7,
いわき婦人科,9738403,内郷綴町大木下3-2,,0246-27-2885,70014,0,0,0,1,1,1,4,0,0,0,0,366,7,
いわき市医療センター,9738555,内郷御厩町久世原16,,0246-26-3151,70015,1,1,1,0,0,0,0,0,0,0,0,366,7,
アートクリニック,9608031,栄町6-1,エスタビル12F,024-523-1132,70017,0,0,0,1,1,1,0,0,0,0,0,363,7,
あみウィメンズクリニック,9650009,八角町4-21,,0242-37-1456,70018,0,0,0,1,1,1,0,0,0,0,0,364,7,
あべウイメンズクリニック,9638071,富久山町久保田伊賀河原6-1,,024-923-4188,70019,0,0,0,1,1,1,0,0,0,0,0,365,7,
ひさこファミリークリニック,9630216,中ノ目1-26-2,,024-952-4415,70020,0,0,0,1,1,1,0,0,0,0,0,365,7,
福島病院,9628507,芦田塚13,,0248-75-2131,70021,0,0,1,0,0,0,0,0,0,0,0,368,7,
白河厚生総合病院,9610005,豊地上弥次郎2-1,,0248-22-2211,70023,1,0,0,0,0,0,0,0,0,0,0,367,7,
坪井病院,9630197,安積町長久保1-10-13,,024(946)0808,70024,0,1,0,0,0,0,0,0,0,0,0,365,7,
土浦協同病院,3000028,おおつ野4-1-1,,029-830-3711,80001,1,1,1,0,0,0,0,0,0,0,0,424,8,
東京医科大学茨城医療センター,3000395,中央3-20-1,,029-887-1161,80002,1,1,0,0,0,0,0,0,0,0,0,460,8,
霞ヶ浦医療センター,3008585,下高津2-7-14,,029-822-5050,80003,1,1,1,0,0,0,0,0,0,0,0,424,8,
筑波学園病院,3050854,上横場2573-1,,029-836-1355,80006,1,1,0,1,1,1,2,0,0,0,0,437,8,
筑波大学,3058576,天久保2-1-1,,029-853-3900,80007,1,1,1,1,1,1,4,0,0,0,0,437,8,
根本産婦人科医院,3091736,八雲1-4-21,,0296-77-0431,80010,0,0,0,1,1,1,0,0,0,0,0,434,8,
茨城県立中央病院,3091793,鯉淵6528,,0296-77-1121,80012,1,1,0,0,0,0,0,0,0,0,0,434,8,
石渡産婦人科病院,3100041,上水戸1-4-21,,029-221-2553,80013,0,0,0,1,1,1,0,0,0,0,0,422,8,
植野産婦人科医院,3100063,五軒町2-3-7,,029-221-2513,80014,0,0,0,1,1,0,0,0,0,0,0,422,8,
水戸赤十字病院,3100011,三の丸3-12-48,,029-221-5177,80015,0,1,0,0,0,0,0,0,0,0,0,422,8,
小塙医院,311-3435,田木谷169-3,,0240-25-1222,80018,0,0,0,1,1,1,0,0,0,0,0,453,8,
水戸済生会総合病院,3114198,双葉台3-3-10,,029-254-5151,80019,1,0,0,0,0,0,0,0,0,0,0,422,8,
日立総合病院,3170077,城南町2-1-1,,0294-23-1111,80021,0,1,0,0,0,0,0,0,0,0,0,423,8,
JAとりで総合医療センター,3020022,本郷2-1-1,,0297-74-5551,80022,1,1,1,0,0,0,0,0,0,0,0,435,8,
総合守谷第一病院,3020102,松前台1-17,,0297-45-5111,80025,1,0,1,0,0,0,0,0,0,0,0,441,8,
遠藤産婦人科医院,3080005,中舘130-1,,0296-20-1000,80028,0,0,0,1,1,1,0,0,0,0,0,444,8,
筑波メディカルセンター病院,3058558,天久保1-3-1,,029-851-3511,80031,0,1,0,0,0,0,0,0,0,0,0,437,8,
福地レディースクリニック,3170071,2-17-4,,0294-27-7521,80032,0,0,0,1,1,1,0,0,0,0,0,423,8,
つくばARTクリニック,3050032,竹園1-6-1,つくば三井ビル4階,029-863-6111,80034,0,0,0,1,1,1,0,0,0,0,0,437,8,
いがらしクリニック,3010826,栄町4659-3,,0297-62-0936,80035,0,0,0,1,1,1,0,0,0,0,0,428,8,
栃木医療センター,3208580,中戸祭1-10-37,,028-622-5241,90001,0,1,0,0,0,0,0,0,0,0,0,466,9,
福泉医院,3210924,下栗1-1-1,,028-639-1122,90002,0,0,0,1,1,1,0,0,0,0,0,466,9,
ちかざわLadies'クリニック,3210935,城東1-2-5,,028-638-2380,90003,0,0,0,1,1,1,0,0,0,0,0,466,9,
獨協医科大学,3210293,大字北小林880,,0282-86-1111,90004,1,1,1,1,1,1,0,0,0,0,0,485,9,
済生会宇都宮病院,3210974,竹林町911-1,,028-626-5500,90005,1,1,1,1,1,1,0,0,0,0,0,466,9,
芳賀赤十字病院,3214308,中郷271,,0285-82-2195,90006,1,0,1,0,0,0,0,0,0,0,0,473,9,
那須赤十字病院,3240062,中田原1081-4,,0287-23-1122,90010,1,1,1,1,1,1,0,0,0,0,0,474,9,
足利赤十字病院,3260843,五十部町284-1,,0284-21-0121,90011,1,1,1,0,0,0,0,0,0,0,0,467,9,
佐野厚生総合病院,3278511,堀米町1728,,0283-22-5222,90012,1,1,1,0,0,0,0,0,0,0,0,469,9,
三秀会中央クリニック,3290431,薬師寺3154,,0285-40-1121,90014,0,0,0,1,1,1,4,0,0,0,0,479,9,
自治医科大学,3290498,薬師寺3311-1,,0285-44-2111,90015,1,1,1,1,1,1,4,0,0,0,0,479,9,
栃木県立がんセンター,3200834,陽南4-9-13,,０２８－６５８－５１５１,90016,1,1,0,0,0,0,0,0,0,0,0,466,9,
国際医療福祉大学病院,3292763,井口537-3,,0287-37-2221,90018,1,1,1,1,1,1,0,0,0,0,0,476,9,
かわつクリニック,3200867,大寛2-2-26,,028-639-1118,90019,0,0,0,1,1,1,0,0,0,0,0,466,9,
平尾産婦人科医院,3200857,鶴田3-1-4,,028-648-5222,90020,0,0,0,1,1,1,0,0,0,0,0,466,9,
城山公園すずきクリニック,3270845,久保町263,,0283-22-0195,90021,0,0,0,1,1,1,0,0,0,0,0,469,9,
産科婦人科館出張佐藤病院,3700836,若松町96,,027-322-2243,100001,1,0,0,0,0,0,0,0,0,0,0,492,10,
高崎総合医療センター,3700829,高松町36,,027-322-5901,100005,1,1,1,0,0,0,0,0,0,0,0,492,10,
横田マタニティーホスピタル,3710031,下小出町1-5-22,,027-219-4103,100007,0,0,0,1,1,1,4,0,0,0,1,491,10,
前橋赤十字病院,3710811,朝倉町389-1,,027 265 3333,100008,1,1,1,0,0,0,0,0,0,0,0,491,10,
群馬中央病院,3710025,紅雲町1-7-13,,027-221-8165,100009,1,1,1,1,1,1,4,0,0,0,0,491,10,
群馬大学,3718511,昭和町3-39-15,,027-220-7111,100012,1,1,1,1,1,1,0,0,0,0,0,491,10,
伊勢崎市民病院,3720817,連取本町12-1,,0270-25-5022,100013,1,0,0,0,0,0,0,0,0,0,0,494,10,
太田記念病院,3738585,大島町455-1,,0276-55-2200,100015,1,1,1,0,0,0,0,0,0,0,0,495,10,
公立藤岡総合病院,3758503,中栗須813-1,,0274-22-3311,100017,1,0,0,0,0,0,0,0,0,0,0,499,10,
桐生厚生総合病院,3760024,織姫町6-3,,0277-44-7171,100018,1,1,1,0,0,0,0,0,0,0,0,493,10,
利根中央病院,3780012,沼須町910-1,,0278-22-4321,100021,1,0,0,0,0,0,0,0,0,0,0,496,10,
群馬県立がんセンター,3738550,高林西町617-1,,0276-38-0771,100022,0,1,0,0,0,0,0,0,0,0,0,495,10,
セキールレディースクリニック,3700841,栄町17-23,,027-330-2200,100023,0,0,0,1,1,1,4,0,0,1,1,492,10,
上条女性クリニック,3701205,栗崎町534-1,,027-345-1221,100024,0,0,0,1,1,1,0,0,0,0,0,492,10,
神岡産婦人科医院,3710841,石倉町5-22-1,,027-253-4152,100025,0,0,0,1,1,1,0,0,0,0,0,491,10,
ときざわレディスクリニック,3730818,小舞木町256,,0276-60-2580,100026,0,0,0,1,1,1,0,0,0,0,0,495,10,
光病院,3750023,本郷1045,,0274-24-1234,100027,0,0,0,1,1,0,0,0,0,0,0,499,10,
高崎ARTクリニック,3700831,あら町136-1,,027-310-7701,100028,0,0,0,1,1,1,4,0,0,0,0,492,10,
群馬県立小児医療センター,3778577,北橘町下箱田779,,0279-52-3551,100029,1,0,1,0,0,0,0,0,0,0,0,498,10,
いまいウイメンズクリニック,3710012,東片貝町875,,027-221-1000,100030,0,0,0,1,1,1,0,0,0,0,0,491,10,
自治医科大学さいたま医療センター,3308503,天沼町1-847,,048-647-2111,110003,1,1,1,0,0,0,0,0,0,0,0,529,11,
埼玉県済生会川口総合病院,3328558,西川口5-11-5,,048-253-1551,110005,1,1,1,0,0,0,0,0,0,0,0,539,11,
埼玉協同病院,3330831,木曽呂1317,,048-296-4771,110006,1,0,0,0,0,0,0,0,0,0,0,539,11,
川口市立医療センター,3330833,西新井宿180,,048-287-2525,110007,1,1,1,0,0,0,0,0,0,0,0,539,11,
埼玉メディカルセンター,3300074,北浦和4-9-3,,048-832-4951,110008,0,1,0,1,1,1,0,0,0,0,0,533,11,
さいたま市立病院,3368522,大字三室2460,,048-873-4111,110009,1,1,1,0,0,0,0,0,0,0,0,535,11,
さいたま赤十字病院,3308553,新都心1-5,,048-852-1111,110010,1,1,1,0,0,0,0,0,0,0,0,531,11,
丸山記念総合病院,3398521,本町2-10-5,,048-757-3511,110011,1,0,0,1,1,1,0,0,0,0,0,536,11,
永井マザーズホスピタル,3410004,上彦名607-1,,048-959-1311,110013,0,0,0,1,1,1,0,0,0,0,1,567,11,
越谷市立病院,3438577,東越谷10-32,,048-965-2221,110014,1,1,1,0,0,0,0,0,0,0,0,554,11,
獨協医科大学　埼玉医療センター,3438555,南越谷2-1-50,,048-965-1111,110016,1,1,0,1,1,1,7,0,0,0,1,554,11,
中村レディスクリニック,3480046,中岩瀬612,,048-562-3505,110018,0,0,0,1,1,1,0,0,0,0,0,549,11,
埼玉医科大学（+国際医療センター）,3501298,山根1397-1,,042-984-4111,110020,1,1,1,1,1,1,0,0,0,0,0,572,11,
埼玉医科大学総合医療センター,3508550,鴨田1981,,049-228-3411,110022,1,1,1,1,1,1,7,0,0,0,1,537,11,
埼玉病院,3510102,諏訪2-1,,048-462-1101,110023,1,1,1,0,0,0,0,0,0,0,0,560,11,
吉田産科婦人科医院,3580054,野田640-5,,04-2932-8781,110024,0,0,0,1,1,1,0,0,0,0,0,557,11,
瀬戸病院,3591128,金山町8-6,,04-2922-0221,110025,1,0,0,1,1,1,0,0,0,0,0,542,11,
西埼玉中央病院,3591151,若狭2-1671,,04-2948-1111,110026,1,1,1,0,0,0,0,0,0,0,0,542,11,
防衛医科大学校,3598513,並木3-2,,04-2995-1211,110027,1,1,1,0,0,0,0,0,0,0,0,542,11,
熊谷総合病院,360856,中西4-5-1,,048-521-0065,110028,0,0,0,1,1,0,0,0,0,0,0,538,11,
藤間病院,3600031,末広2-137,,048-522-0600,110029,0,1,0,0,0,0,0,0,0,0,0,538,11,
埼玉県立がんセンター,3620806,大字小室780,,048-722-1111,110030,1,1,0,0,0,0,0,0,0,0,0,576,11,
深谷赤十字病院,3660052,上柴町西5-8-1,,048-571-1511,110032,1,1,0,0,0,0,0,0,0,0,0,551,11,
蕨市立病院,3350001,北町2-12-18,,048-432-2277,110034,1,0,0,0,0,0,0,0,0,0,0,555,11,
北里研究所メディカルセンター病院,3648501,荒井6-100,,048-593-1212,110035,1,0,0,0,0,0,0,0,0,0,0,564,11,
戸田中央産院,3350022,上戸田2-26-3,,048-444-1181,110036,1,0,0,0,0,0,0,0,0,0,0,556,11,
かしわざき産婦人科,3300855,上小町604-4,,048-641-8077,110037,0,0,0,1,1,1,0,0,0,0,0,529,11,
大和たまごクリニック,3390061,大字岩槻5202,,048-757-8100,110041,0,0,0,1,1,1,0,0,0,0,0,536,11,
セントウィメンズクリニック,3300055,東高砂9-1,SUMIDA ONE4階,048-871-1771,110042,0,0,0,1,1,1,0,0,0,0,0,533,11,
すごうウィメンズクリニック,3300844,下町2-18,TS-3ビル 7 階,048-650-0098,110043,0,0,0,1,1,1,0,0,0,0,0,529,11,
秋山レディースクリニック,3300852,大成町3-542,,048-663-0005,110044,0,0,0,1,1,1,0,0,0,0,0,529,11,
ソフィア祐子レディースクリニック,3320021,西川口1-26-4,上新建業ビル 3F,048-253-7877,110045,0,0,0,1,1,1,0,0,0,0,0,539,11,
大宮レディスクリニック,3308669,桜木町1-7-5,ソニックシティビル14F,048-648-1657,110047,0,0,0,1,1,1,0,0,0,0,0,529,11,
さくらレディースクリニック,3590037,くすのき台3-1-1,角三上ビル2階,04-2992-0371,110048,0,0,0,1,1,1,0,0,0,0,0,542,11,
赤心堂病院,3501123,脇田本町25-19,,049-242-1181,110051,1,0,0,0,0,0,0,0,0,0,0,537,11,
スピカレディースクリニック,3470017,南篠崎2252,,0480-65-7750,110052,0,0,0,1,1,0,0,0,0,0,0,544,11,
産婦人科　菅原病院,3430813,越谷1-15-2,,048-964-3321,110053,0,0,0,1,1,1,0,0,0,0,0,554,11,
ゆうレディースクリニック,3430845,南越谷1-22-5,ノーブルクロス1-2F,048-967-3122,110054,0,0,0,1,1,1,0,0,0,0,0,554,11,
ミューズレディスクリニック,3560006,霞ケ丘1-2-3,ココネ上福岡一番館2F A202,049-256-8656,110057,0,0,0,1,1,1,0,0,0,0,0,574,11,
大塚産婦人科,3520025,片山1-16-3,,048-479-7802,110058,0,0,0,1,1,1,0,0,0,0,0,561,11,
医療法人TenderLovingCare　恵愛生殖医療医院,3510114,本町3-13,タウンコートエクセル 3F,048-485-1185,110059,0,0,0,1,1,1,0,0,0,0,0,560,11,
あらかきウィメンズクリニック,3360027,沼影1-17-15,グラース 1F,048-838-1107,110060,0,0,0,1,1,1,0,0,0,0,0,534,11,
ウィメンズクリニックふじみ野,3540035,ふじみ野西1-17-3,ハピネスビルふじみ野2.3F,049-293-8210,110061,0,0,0,1,1,1,0,0,0,0,0,566,11,
高橋ウイメンズクリニック,2600028,新町18-14,千葉新町ビル6階,043-243-8024,120001,0,0,0,1,1,1,0,0,0,1,1,600,12,
千葉医療センター,2608606,椿森4-1-2,,043-251-5311,120002,1,1,1,0,0,0,0,0,0,0,0,600,12,
千葉メディカルセンター,2600842,南町1-7-1,,043-261-5111,120003,1,0,0,1,1,1,0,0,0,0,0,600,12,
千葉市立青葉病院,2600852,青葉町1273-2,,043-227-1131,120004,1,1,0,0,0,0,0,0,0,0,0,600,12,
千葉大学,2608677,亥鼻1-8-1,,043-222-7171,120005,1,1,1,1,1,1,7,0,0,0,0,600,12,
千葉市立海浜病院,2610012,磯辺3-31-1,,043-277-7711,120006,1,0,1,0,0,0,0,0,0,0,0,605,12,
みやけウィメンズクリニック,2660032,おゆみ野中央1-18-5,,043-293-3500,120007,0,0,0,1,1,1,0,0,0,0,0,604,12,
日本医科大学千葉北総病院,2701694,鎌苅1715,,0476-99-1111,120009,1,1,1,0,0,0,0,0,0,0,0,633,12,
千葉西総合病院,2702251,金ケ作107-1,,047-384-8111,120010,1,0,0,0,0,0,0,0,0,0,0,611,12,
大川レディースクリニック,2710051,馬橋1902,,047-341-3011,120011,0,0,0,1,1,1,0,0,0,0,0,611,12,
松戸市立総合医療センター,2702296,千駄堀993-1,,047-712-2511,120012,1,1,1,1,1,1,0,0,0,0,0,611,12,
東京歯科大学市川総合病院,2728513,菅野5-11-13,,047-322-0151,120015,1,1,1,1,1,1,0,1,0,0,0,607,12,
さち・レディースクリニック,2730025,印内町638-1,ビューエクセレント2F,047-495-2050,120016,0,0,0,1,1,1,0,0,0,0,0,608,12,
船橋市立医療センター,2738588,金杉1-21-1,,047(438)3321,120017,1,1,0,0,0,0,0,0,0,0,0,608,12,
船橋中央病院,2738556,海神6-13-10,,047-433-2111,120018,1,0,1,0,0,0,0,0,0,0,0,608,12,
東京慈恵会医科大学柏病院,2778567,柏下163-1,,04-7164-1111,120021,1,1,0,0,0,0,0,0,0,0,0,619,12,
順天堂大学医学部附属浦安病院,2790021,富岡2-1-1,,047-353-3111,120023,1,1,1,1,1,1,5,0,0,0,0,629,12,
高橋レディースクリニック,2850858,ユーカリが丘4-1-1,イーストタワー2F,043-463-2129,120024,0,0,0,1,1,1,0,0,0,0,0,615,12,
東邦大学医療センター佐倉病院,2858741,下志津564-1,,043-462-8811,120025,1,1,1,1,1,1,0,0,0,0,0,615,12,
日吉台レディスクリニック,2860201,日吉台2-9-6,,0476-92-1103,120026,0,0,0,1,1,1,0,0,0,0,0,635,12,
成田赤十字病院,2868523,飯田町90-1,,0476-22-2311,120027,1,1,1,1,1,0,0,0,0,0,0,614,12,
国保旭中央病院,2892511,イの1326,,0479-63-8111,120029,1,1,1,0,0,0,0,0,0,0,0,617,12,
宗田マタニティクリニック,2900024,根田320-7,,0436-24-4103,120030,0,0,0,1,1,1,0,0,0,0,0,621,12,
重城産婦人科小児科,2920003,万石358,,0438-41-3700,120032,0,0,0,1,1,0,0,0,0,0,0,610,12,
薬丸病院,2920831,富士見2-7-1,,0438-25-0381,120033,0,0,0,1,1,1,0,0,0,0,0,610,12,
君津中央病院,2928535,桜井1010,,0438-36-1071,120034,1,1,1,0,0,0,0,0,0,0,0,610,12,
亀田総合病院亀田クリニック,2960041,東町1344,,04-7099-2211,120035,1,1,1,1,1,1,7,0,0,0,0,625,12,
帝京大学ちば総合医療センター,2990111,姉崎3426-3,,0436-62-1211,120036,1,1,1,0,0,0,0,0,0,0,0,621,12,
千葉県がんセンター,2608717,仁戸名町666-2,,043-264-5431,120042,1,1,0,0,0,0,0,0,0,0,0,600,12,
QST病院,2638555,穴川4-9-1,,043-206-3306,120043,0,1,0,0,0,0,0,0,0,0,0,602,12,
パークシティ吉田レディースクリニック,2790014,明海22,パークシティ東京ベイ新浦安　クターズベイ,047-316-3321,120044,0,0,0,1,1,0,0,0,0,0,0,629,12,
窪谷産婦人科IVFクリニック,2770005,柏1-1-7,池松ビル4階,04-7136-2601,120046,0,0,0,1,1,1,0,0,0,0,0,619,12,
中野レディースクリニック,2770005,柏2-10-11-1F,,０４-７１６２-０３４５,120049,0,0,0,1,1,1,0,0,0,0,0,619,12,
東京女子医科大学八千代医療センター,2768524,大和田新田477-96,,047-450-6000,120051,1,1,1,0,0,0,0,0,0,0,0,623,12,
千葉愛友会記念病院,2700161,鰭ケ崎1-1,,04-7159-1611,120053,1,1,1,0,0,0,0,0,0,0,0,622,12,
津田沼IVFクリニック,2740825,前原西2-17-8,,047-455-3111,120054,0,0,0,1,1,1,0,0,0,0,0,608,12,
さくらウィメンズクリニック,2790002,北栄1-11-20-3F,,047-700-7077,120055,0,0,0,1,1,1,0,0,0,0,0,629,12,
亀田IVFクリニック幕張,2618501,中瀬1-3- D棟3階,,043-296-8141,120056,0,0,0,1,1,1,4,0,0,0,0,605,12,
そうクリニック,2840001,大日741-3,,043-424-1103,120057,0,0,0,1,1,1,0,0,0,0,0,630,12,
本八幡レディースクリニック,2720021,八幡3-3-3,ターミナルシティ本八幡 アイビス地下1階,047-322-7755,120058,0,0,0,1,1,1,0,0,0,0,0,607,12,
おおたかの森ＡＲＴクリニック,2700128,おおたかの森西1-3-5,K.Mおおたかの森2F,04-7170-1541,120059,0,0,0,1,1,1,0,0,0,0,0,622,12,
千葉徳洲会病院,2740065,高根台2-11-1,,047-466-7111,120060,0,1,0,0,0,0,0,0,0,0,0,608,12,
船橋駅前レディースクリニック,2730005,本町4-2-9,菅野屋船橋ビル 地下1階,047-426-0077,120061,0,0,0,1,1,1,0,0,0,0,0,608,12,
三楽病院,1018326,神田駿河台2-2-5,,03-3292-3981,130002,1,0,0,0,0,0,0,0,0,0,0,659,13,
浜田病院,1010062,神田駿河台2-5,,03-5280-1166,130003,1,1,1,1,1,1,0,0,0,0,0,659,13,
日本大学病院,1018309,神田駿河台1-6,,03-3293-1711,130004,1,1,1,0,0,0,0,0,0,0,0,659,13,
三井記念病院,1018643,神田和泉町1,,03-3862-9111,130005,1,1,1,0,0,0,0,0,0,0,0,659,13,
東京警察病院,1648541,中野4-22-1,,03-5343-5611,130007,0,1,0,0,0,0,0,0,0,0,0,672,13,
東京逓信病院,1028798,富士見2-14-23,,03-5214-7111,130008,0,1,0,0,0,0,0,0,0,0,0,659,13,
国立がん研究センター中央病院,1040045,築地5-1-1,,03-3542-2511,130009,1,1,0,0,0,0,0,0,0,0,0,660,13,
はるねクリニック銀座,1040061,銀座1-5-8,ギンザウィローアベニュービル 6F,03-5250-6850,130010,0,0,0,1,1,1,0,0,0,0,0,660,13,
銀座レディースクリニック,1040061,銀座4-6-11,銀座センタービル6F,03-3535-1117,130011,0,0,0,1,1,1,0,0,0,0,0,660,13,
聖路加国際病院,1048560,明石町9-1,,03-3541-5151,130012,1,1,1,1,1,1,7,0,0,0,0,660,13,
東京慈恵会医科大学,1058471,西新橋3-19-18,,03-3433-1111,130013,1,1,1,1,1,1,3,0,0,0,0,661,13,
虎の門病院,1058470,虎ノ門2-2-2,,03-3588-1111,130014,1,1,1,1,1,1,4,0,0,0,0,661,13,
愛育病院,1050023,芝浦1-16-10,,03-6453-7300,130015,1,0,1,0,0,0,0,0,0,0,0,661,13,
山王病院,1070052,赤坂8-10-16,,03-3402-3151,130016,1,0,0,1,1,1,4,0,0,0,1,661,13,
東京都済生会中央病院,1080073,三田1-4-17,,03-3451-8211,130017,0,1,1,0,0,0,0,0,0,0,0,661,13,
北里研究所病院,1088642,白金5-9-1,,03-3444-6161,130018,1,0,0,1,1,1,0,0,0,0,0,661,13,
順天堂大学,1138431,本郷3-1-3,,03-3813-3111,130023,1,1,1,1,1,1,4,0,0,0,0,663,13,
東京医科歯科大学,1138519,湯島1-5-45,,03-3813-6111,130024,1,1,1,1,1,1,7,0,0,0,0,663,13,
日本医科大学,1138603,千駄木1-1-5,,03-3822-2131,130025,1,1,1,1,1,1,2,0,0,0,1,663,13,
東京大学,1138655,本郷7-3-1,,03-3815-5411,130026,1,1,1,1,1,1,4,0,0,0,1,663,13,
中野レディースクリニック,1140002,王子2-30-6,末永ビル3F,03-5390-6030,130028,0,0,0,1,1,0,0,0,0,0,0,675,13,
東京女子医科大学東医療センター,1168567,西尾久2-1-10,,03-3810-1111,130029,1,1,1,0,0,0,0,0,0,0,0,676,13,
臼井医院,1200003,東和2-12-18,,03-3605-0381,130030,0,0,0,1,1,1,0,0,0,0,0,679,13,
真島クリニック,1230852,関原1-21-2,,03-3849-4127,130032,0,0,0,1,1,1,0,0,0,0,0,679,13,
葛飾赤十字産院,1240012,立石5-11-12,,03-3693-5211,130033,1,0,0,0,0,0,0,0,0,0,0,680,13,
東京慈恵会医科大学葛飾医療センター,1258506,青戸6-41-2,,03-3603-2111,130034,1,1,1,0,0,0,0,0,0,0,0,680,13,
あいウイメンズクリニック,1300013,錦糸1-5-14,サンヨー堂錦糸ビル3F,03-3829-2522,130035,0,0,0,1,1,1,0,0,0,0,0,665,13,
賛育会病院,1300012,太平3-20-2,,03-3622-9191,130036,1,0,1,0,0,0,0,0,0,0,0,665,13,
同愛記念病院,1308587,横網2-1-11,,03-3625-6381,130037,1,1,1,0,0,0,0,0,0,0,0,665,13,
東京都立墨東病院,1308575,江東橋4-23-15,,03-3633-6151,130038,1,1,1,0,0,0,0,0,0,0,0,665,13,
木場公園クリニック,1350042,木場2-17-13,亀井ビル2F,03-5245-4122,130039,0,0,0,1,1,1,0,0,0,1,1,666,13,
東峯婦人クリニック,1350042,木場5-3-10,,03-3630-0303,130040,0,0,0,1,1,0,0,0,0,0,0,666,13,
NTT東日本関東病院,1418625,東五反田5-9-22,,03-3448-6111,130044,1,1,1,0,0,0,0,0,0,0,0,667,13,
クリニック飯塚,1410031,西五反田8-1-10,小沢ビル 5階,03-3495-8761,130045,0,0,0,1,1,1,0,1,0,0,0,667,13,
昭和大学,1428666,旗の台1-5-8,,03-3784-8000,130046,1,1,1,1,1,1,4,0,0,0,0,667,13,
東邦大学医療センター大森病院,1438541,大森西6-11-1,,03-3762-4151,130050,1,1,1,1,1,1,7,0,0,0,0,669,13,
キネマアートクリニック,1440052,蒲田5-28-18,京急醍醐共同開発ビル 3階,03-5480-1940,130051,0,0,0,1,1,1,0,0,0,0,0,669,13,
荏原病院,1450065,東雪谷4-5-10,,03-5734-8000,130053,1,0,0,0,0,0,0,0,0,0,0,669,13,
東京HARTクリニック,1070062,南青山5-4-19,ジ・アッパーレジデンシィーズ・ミナミアオヤマ1F,03-5766-3660,130054,0,0,0,1,1,1,0,0,0,0,0,661,13,
日本赤十字社医療センター,1508935,広尾4-1-22,,03-3400-1311,130055,1,1,1,1,1,0,0,0,0,0,0,671,13,
東京都立広尾病院,1500013,恵比寿2-34-10,,03-3444-1181,130056,1,1,1,0,0,0,0,0,0,0,0,671,13,
ファティリティクリニック東京,1500011,東3-13-11,A-PLACE恵比寿東1F(旧フロンティア恵比寿),03-3406-6868,130057,0,0,0,1,1,1,0,0,1,1,1,671,13,
はらメディカルクリニック,1510051,千駄ヶ谷5-8-10,,03-3356-4211,130058,0,0,0,1,1,1,0,1,0,0,0,671,13,
JR東京総合病院,1518528,代々木2-1-3,,03-3320-2210,130059,1,1,1,0,0,0,0,0,0,0,0,671,13,
東京医療センター,1528902,東が丘2-5-1,,03-3411-0111,130061,1,1,1,0,0,0,0,0,0,0,0,668,13,
厚生中央病院,1538581,三田1-11-7,,03-3713-2141,130063,1,1,1,0,0,0,0,0,0,0,0,668,13,
東邦大学医療センター大橋病院,1538515,大橋2-22-36,,03-3468-1251,130064,1,1,0,0,0,0,0,0,0,0,0,668,13,
梅ヶ丘産婦人科,1540022,梅丘1-33-3,,03-3429-6036,130065,0,0,0,1,1,1,0,0,0,1,1,670,13,
自衛隊中央病院,1540001,池尻1-2-24,,03-3411-0151,130066,1,0,0,0,0,0,0,0,0,0,0,670,13,
国立成育医療研究センター,1578535,大蔵2-10-1,,03-3416-0181,130069,1,0,1,1,1,1,0,0,0,0,0,670,13,
東京医科大学,1600023,西新宿6-7-1,,03-3342-6111,130074,1,1,1,1,1,1,7,0,0,0,1,662,13,
加藤レディスクリニック,1600023,西新宿7-20-3,ウエストゲート新宿ビル,03-3366-3777,130075,0,0,0,1,1,1,4,0,1,0,1,662,13,
東京山手メディカルセンター,1690073,百人町3-22-1,,03-3364-0251,130076,1,1,1,0,0,0,0,0,0,0,0,662,13,
慶應義塾大学,1608582,信濃町35,,03-3353-1211,130077,1,1,1,1,1,1,4,1,0,0,0,662,13,
聖母病院,1618521,中落合2-5-1,,03-3951-1111,130078,1,0,1,0,0,0,0,0,0,0,0,662,13,
東京新宿メディカルセンター,1628543,津久戸町5-1,,03-3269-8111,130079,0,0,1,0,0,0,0,0,0,0,0,662,13,
国立国際医療研究センター,1628655,戸山1-21-1,,03-3202-7181,130080,1,1,1,1,1,1,0,0,0,0,0,662,13,
東京女子医科大学,1628666,河田町8-1,,03-3353-8111,130081,1,1,1,1,1,1,0,0,0,0,0,662,13,
立正佼成会附属佼成病院,1660012,和田2-25-1,,03-3383-1281,130085,1,1,1,0,0,0,0,0,0,0,0,673,13,
河北総合病院,1660001,阿佐谷北1-7-3,,03-3339-2121,130086,1,1,1,0,0,0,0,0,0,0,0,673,13,
荻窪病院,1670035,今川3-1-24,,03-3399-1101(,130087,1,0,0,0,0,0,0,0,0,0,0,673,13,
杉山産婦人科,1560041,大原1-53-1,,03-5454-3541,130088,0,0,0,1,1,1,0,0,0,0,0,670,13,
東京都立大塚病院,1708476,南大塚2-8-1,,03-3941-3211,130090,1,1,1,0,0,0,0,0,0,0,0,674,13,
松本レディースクリニック,1700013,東池袋2-60-3,グレイスロータリービル1F,03-5958-5633,130091,0,0,0,1,1,1,0,0,0,1,0,674,13,
帝京大学,1738606,加賀2-11-1,,03-3964-1211,130092,1,1,1,1,1,1,0,0,0,0,0,677,13,
日本大学板橋病院,1738610,大谷口上町30-1,,03-3972-8111,130095,1,1,1,1,1,1,4,0,0,0,0,677,13,
板橋中央総合病院,1740051,小豆沢2-12-7,,03-3967-1181,130096,1,1,1,0,0,0,0,0,0,0,0,677,13,
練馬総合病院,1768530,旭丘1-24-1,,03-5988-2200,130097,1,0,0,0,0,0,0,0,0,0,0,678,13,
武蔵野赤十字病院,1808610,境南町1-26-1,,0422-32-3111,130099,1,1,1,0,0,0,0,0,0,0,0,684,13,
杏林大学,1818611,新川6-20-2,,0422-47-5511,130100,1,1,1,1,1,1,0,0,0,0,0,685,13,
幸町IVFクリニック,1830055,府中町1-18-17,コンテント府中 1F･2F,042-365-0341,130101,0,0,0,1,1,1,0,0,0,0,0,687,13,
東京都立多摩総合医療センター,183－8524,武蔵台2-8-29,,042-323-5111,130102,1,1,1,0,0,0,0,0,0,0,0,687,13,
公立昭和病院,1878510,花小金井8-1-1,,042-461-0052,130103,1,1,1,0,0,0,0,0,0,0,0,692,13,
井上レディースクリニック,1900013,富士見町1-26-9,,042-529-0111,130105,0,0,0,1,1,1,0,0,0,0,0,683,13,
東京災害医療センター,1900014,緑町3256,,042-526-5511,130106,0,1,0,0,0,0,0,0,0,0,0,683,13,
立川病院,1908531,錦町4-2-22,,042-523-3131,130107,1,1,1,0,0,0,0,0,0,0,0,683,13,
立川相互病院,1908578,緑町4-1,,042-525-2585,130108,1,1,1,0,0,0,0,0,0,0,0,683,13,
東京医科大学八王子医療センター,1930998,館町1163,,042-665-5611,130111,1,1,1,0,0,0,0,0,0,0,0,682,13,
町田市民病院,1940023,旭町2-15-41,,042-722-2230,130112,1,1,1,0,0,0,0,0,0,0,0,690,13,
青梅市立総合病院,1980042,東青梅4-16-5,,0428-22-3191,130113,1,1,1,0,0,0,0,0,0,0,0,686,13,
公立福生病院,1978511,加美平1-6-1,,042-551-1111,130115,0,1,1,0,0,0,0,0,0,0,0,697,13,
東京慈恵会医科大学第三病院,2018601,和泉本町4-11-1,,03-3480-1151,130116,1,1,0,0,0,0,0,0,0,0,0,698,13,
稲城市立病院,2060801,大丸1171,,042-377-0931,130118,1,1,0,0,0,0,0,0,0,0,0,704,13,
日本医科大学多摩永山病院,2068512,永山1-7-1,,042-371-2111,130119,1,1,1,0,0,0,0,0,0,0,0,703,13,
豊島病院,1730015,栄町33-1,,03-5375-1234,130120,1,1,1,0,0,0,0,0,0,0,0,677,13,
がん・感染症センター都立駒込病院,1130021,本駒込3-18,,03-3823-2101,130122,1,1,0,0,0,0,0,0,0,0,0,663,13,
赤坂見附宮崎産婦人科,1070051,元赤坂1-1,,03-3478-6443,130123,0,0,0,1,1,1,0,0,0,0,0,661,13,
杏雲堂病院,1010062,神田駿河台1-8,,03-3292-2051,130124,0,1,0,0,0,0,0,0,0,0,0,659,13,
がん研有明病院,1358550,有明3-8-31,,03-3520-0111,130125,0,1,0,0,0,0,0,0,0,0,0,666,13,
陣内ウィメンズクリニック,1580083,奥沢5-40-5,自由が丘JWCビル,03-3722-2255,130129,0,0,0,1,1,1,0,0,0,0,0,670,13,
ウィメンズクリニック神野,1820022,国領町3-11-7,,042-480-3105,130131,0,0,0,1,1,1,0,0,0,0,0,689,13,
銀座すずらん通りレディスクリニック,1040061,銀座6-9-7,近畿建物銀座ビル8F,03-3569-7711,130133,0,0,0,1,1,1,0,0,0,0,0,660,13,
芝公園かみやまクリニック,1050014,芝2-9-10,ダイユウビル1F,03-6414-5641,130134,0,0,0,1,1,1,0,0,0,0,0,661,13,
多摩南部地域病院,2060036,中沢2-1-2,,042-338-5111,130135,0,1,0,0,0,0,0,0,0,0,0,703,13,
東京臨海病院,1340086,臨海町1-4-2,,03-5605-8811,130136,1,0,0,0,0,0,0,0,0,0,0,681,13,
東海大学八王子病院,1920032,石川町1838,,042-639-1111,130137,1,1,0,0,0,0,0,0,0,0,0,682,13,
ウイメンズ・クリニック大泉学園,1780063,東大泉1-27-19,アラウダ大泉ビル2F-5F,03-5935-1010,130138,0,0,0,1,1,1,0,0,0,0,0,678,13,
とくおかレディースクリニック,1520031,1-3-1,三井住友銀行都立大学駅前ビル6F,03-5701-1722,130140,0,0,0,1,1,1,0,0,0,0,0,668,13,
うすだレディースクリニック,1800004,吉祥寺本町2-4-14,メディコープビル8・3F,0422(28)0363,130141,0,0,0,1,1,1,0,0,0,0,0,684,13,
みむろウィメンズクリニック,1940013,町田1-7-17,ガレリア町田ビル3F,042-710-3609,130142,0,0,0,1,1,1,0,0,0,0,0,690,13,
順天堂大学練馬病院,1778521,高野台3-1-10,,03-5923-3111,130144,1,1,1,0,0,0,0,0,0,0,0,678,13,
五の橋レディスクリニック,1360071,亀戸6-26-5,日土地亀戸ビル8F,03-5836-2600,130145,0,0,0,1,1,1,0,0,0,0,0,666,13,
新橋夢クリニック,1050004,新橋2-5-1,EXCEL新橋,03-3593-2121,130146,0,0,0,1,1,1,4,0,1,0,0,661,13,
うつみやす子レディースクリニック,1600023,西新宿7-11-15,サンフル西新宿4F,03(3368)3781,130147,0,0,0,1,1,1,0,0,0,0,0,662,13,
東京北医療センター,1150053,赤羽台4-17-56,,03-5963-3311,130149,1,1,1,1,1,0,0,0,0,0,0,675,13,
桜町病院,1848511,市桜町1-2-20,,042-383-4111,130150,1,0,0,0,0,0,0,0,0,0,0,691,13,
永寿総合病院,1108645,東上野2-23-16,,03-3833-8381,130152,1,1,1,0,0,0,0,0,0,0,0,664,13,
ときわ台レディースクリニック,1740071,常盤台2-5-3,アビアートときわ台3階,03-5915-5207,130153,0,0,0,1,1,1,0,0,0,0,0,677,13,
池袋えざきレディースクリニック,1710014,池袋2-13-1,池袋岸野ビル4F,03-5911-0034,130154,0,0,0,1,1,1,0,0,0,0,0,674,13,
荻窪病院虹クリニック,1670051,荻窪4-32-2,東洋時計ビル8･9階,03-5335-6577,130155,0,0,0,1,1,1,0,0,0,0,0,673,13,
池下レディースクリニック吉祥寺,1800004,吉祥寺本町1-23-1,,0422-27-2965,130156,0,0,0,1,1,1,0,0,0,0,0,684,13,
ひろいウィメンズクリニック,1940022,森野1-19-13,RINSBOX 2F、3F,042-850-9027,130158,0,0,0,1,1,1,0,0,0,0,0,690,13,
立川ARTレディースクリニック,1900012,曙町2-8-29,村野ビル4F,042-527-1124,130160,0,0,0,1,1,1,0,0,0,0,0,683,13,
明理会中央総合病院,1140001,東十条3-2-11,,03-5902-1199,130161,0,0,0,1,1,1,0,0,0,0,0,675,13,
国際医療福祉大学三田病院,1088329,三田1-4-3,,03-3451-8121,130162,0,1,0,0,0,0,0,0,0,0,0,661,13,
三軒茶屋ウィメンズクリニック,1540004,太子堂1-12-34,2F,03-5779-7155,130163,0,0,0,1,1,1,0,0,0,0,1,670,13,
貝原レディースクリニック,1830055,府中町2-5-8,Grace Court Fuchuekimae 101,042-352-8341,130164,0,0,0,1,1,1,0,0,0,0,0,687,13,
杉山産婦人科 丸の内,1000005,丸の内1-6-2,新丸の内センタービル5F,03-5222-1500,130165,0,0,0,1,1,1,0,0,0,0,0,659,13,
Shinjuku ART Clinic,1636003,西新宿6-8-1,住友不動産新宿オークタワー3階,03-5324-5577,130166,0,0,0,1,1,1,0,0,1,0,0,662,13,
小泉産婦人科医院,1920053,八幡町14-14,,042-626-7070,130167,0,0,0,1,1,1,0,0,0,0,0,682,13,
東京衛生病院,1678507,天沼3-17-3,,03-3392-6151,130168,0,0,1,0,0,0,0,0,0,0,0,673,13,
両角レディースクリニック,1040061,銀座2-5-11,V88ビルディング4階,03-5159-1101,130170,0,0,0,1,1,1,0,0,0,0,1,684,13,
六本木レディースクリニック,1060032,六本木7-15-17,ユニ六本木ビル3F,0120-853-999,130171,0,0,0,1,1,1,0,0,0,0,0,661,13,
京野アートクリニック高輪,1080074,高輪3-13-1,TAKANAWA COURT 5F,03-6408-4124,130172,0,0,0,1,1,1,7,1,0,1,0,661,13,
慶愛クリニック,1700013,東池袋1-12-8,富士喜ビル4階,03-3987-3090,130173,0,0,0,1,1,1,0,0,0,0,0,674,13,
楠原ウィメンズクリニック,1040061,銀座5-6-2,銀座七宝ビル6F,03-6274-6433,130174,0,0,0,1,1,1,0,0,0,0,0,660,13,
ローズレディースクリニック,1580082,等々力2-13-18,,03-3703-0114,130175,0,0,0,1,1,1,0,0,0,0,0,670,13,
田園都市レディースクリニック二子玉川,1580094,玉川2-24-24,セゾン玉川5F,03-3707-2455,130176,0,0,0,1,1,1,0,0,1,0,0,670,13,
ジュンレディースクリニック小平,1870044,喜平町1-14-20,,042-329-4103,130177,0,0,0,1,1,1,0,0,0,0,0,692,13,
あいだ希望クリニック,1010045,神田鍛冶町3-4,oak神田鍛冶町ビル2階,03-3254-1124,130178,0,0,0,1,1,1,0,0,0,0,0,659,13,
昭和大学江東豊洲病院,1358577,豊洲5-1-38,,03-6204-6000,130179,1,0,0,0,0,0,0,0,0,0,0,666,13,
Clinique de l’Ange,1070061,北青山3-3-13,共和五番館6F,03-5413-8067,130180,0,0,0,1,1,1,0,0,0,0,0,661,13,
はなおかIVFクリニック品川,1410032,大崎1-11-2,ゲートシティ大崎イーストタワー 1F,03-5759-5112,130181,0,0,0,1,1,1,0,0,0,0,0,667,13,
多摩北部医療センター,1898511,青葉町1-7-1,,042-396-3811,130183,0,1,0,0,0,0,0,0,0,0,0,694,13,
オリーブレディースクリニック麻布十番,1060045,麻布十番1-5-18,カートブラン麻布十番3F,03-6804-3208,130184,0,0,0,1,1,1,0,0,0,0,0,661,13,
武蔵境いわもと婦人科クリニック,1800023,境南町3-14-6,山桃ビル2F,0422-31-3737,130185,0,0,0,1,1,1,0,0,0,0,0,684,13,
Natural ART Clinic日本橋,1036008,日本橋2-7-1,東京日本橋タワー8階,03-6262-5757,130186,0,0,0,1,1,1,0,0,0,0,0,660,13,
日暮里レディースクリニック,1160013,西日暮里2-20-1,ステーションポートタワー5F,03-5615-1181,130187,0,0,0,1,1,1,0,0,0,0,0,676,13,
赤坂レディースクリニック,1070052,赤坂5-4-7,The Hexagonビル 4階,03-5545-4123,130188,0,0,0,1,1,1,0,0,0,0,0,661,13,
京野アートクリニック品川,,,,,130189,0,0,0,1,1,1,7,0,0,0,0,,13,
城南レディスクリニック品川,1080074,高輪4-24-58,サマセット品川東京1F,03-3440-5562,130191,0,0,0,1,1,1,0,0,0,0,1,661,13,
オーク銀座レディースクリニック,1040061,銀座2-6-12,Okura House7階,0120-009-345,130192,0,0,0,1,1,1,0,0,0,0,0,660,13,
リプロダクションクリニック東京,1057103,東新橋1-5-2,汐留シティセンター3F,03-6228-5351,130193,0,0,0,1,1,1,0,0,0,0,0,661,13,
日本橋ウィメンズクリニック,1030027,日本橋2-1-21,,03-5201-1555,130194,0,0,0,1,1,1,0,0,0,0,0,660,13,
秋葉原ART Clinic,1100005,上野1-1-12,ユニゾ末広町ビル3F,03-5807-6888,130195,0,0,0,1,1,1,0,0,0,0,1,664,13,
桜の芽クリニック,1690075,高田馬場3-3-3,NIAビル4階,03-6908-7740,130196,0,0,0,1,1,1,0,0,0,0,1,662,13,
峯レディースクリニック,1520035,自由が丘2-10-4,ミルシェ自由が丘4F,03-5731-8161,130197,0,0,0,1,1,1,0,0,0,0,0,668,13,
こまちレディースクリニック,2060033,落合1-3-1,かじやビル1階,042-357-3535,130198,0,0,0,1,1,1,0,0,0,0,0,703,13,
銀座こうのとりレディースクリニック,1040061,銀座1-3-9,マルイト銀座ビル7F,03-5159-2077,130199,0,0,0,1,1,1,0,0,0,0,0,660,13,
医療法人財団アドベンチスト会　東京衛生病院附属めぐみクリニック,1670032,天沼3-5-2,公生堂ビル3階・B1階,03-5335-6401,130200,0,0,0,1,1,1,0,0,0,0,0,673,13,
明大前アートクリニック,1680063,和泉2-7-1,甘酒屋ビル2F,03-3325-1155,130201,0,0,0,1,1,1,0,0,0,0,0,673,13,
杉山産婦人科　新宿,1600023,西新宿1-19-6,山手新宿ビル,03-5381-3000,130202,0,0,0,1,1,1,0,0,0,0,0,662,13,
桜十字渋谷バースクリニック,1500042,宇田川町3-7,ヒューリック渋谷公園通りビル4階,03-5728-6626,130203,0,0,0,1,1,1,0,0,0,0,0,671,13,
浅田レディース品川クリニック,1080075,港南2-3-13,品川フロントビル3F,03-3472-2203,130204,0,0,0,1,1,1,0,0,0,0,0,661,13,
フェニックスアートクリニック,1510051,千駄ヶ谷3-12-18,,03-3405-110,130205,0,0,0,1,1,1,0,0,0,0,0,671,13,
国分寺ウーマンズクリニック,1850012,本町4-1-9,国分寺本町クリスタルビル5階,042-325-4124,130206,0,0,0,1,1,1,0,0,0,0,0,695,13,
東部地域病院,1258512,亀有5-14-1,,03-5682-5111,130207,0,1,0,0,0,0,0,0,0,0,0,680,13,
東京AMHクリニック銀座,1050004,新橋1-9-5,新橋 M-SQUARE Bright 2階,03-3573-4124,130208,0,0,0,1,1,1,0,0,0,0,0,661,13,
よしひろウィメンズクリニック,1100015,東上野2-18-6,ときわビル2F,03-3834-8996,130209,0,0,0,1,1,1,0,0,0,0,0,664,13,
恵比寿ウイメンズクリニック,1500022,恵比寿南1-4-15,恵比寿銀座クロスビル 5階,03-6452-4278,130210,0,0,0,1,1,1,0,0,0,0,0,671,13,
榊原記念病院,183‑0003,朝日町3‑16‑1,,042‑314‑3141,130211,0,0,1,0,0,0,0,0,0,0,0,687,13,
川崎市立川崎病院,2100013,新川通12-1,,044-233-5521,140001,1,1,1,0,0,0,0,0,0,0,0,741,14,
日本医科大学武蔵小杉病院,2118533,小杉町1-396,,044-733-5181,140006,1,1,1,0,0,0,0,0,0,0,0,743,14,
関東労災病院,2118510,木月住吉町1-1,,044-411-3131,140008,1,1,1,0,0,0,0,0,0,0,0,743,14,
帝京大学溝口病院,2138507,二子5-1-1,,044-844-3333,140010,1,1,1,0,0,0,0,0,0,0,0,744,14,
聖マリアンナ医科大学,2168511,菅生2-16-1,,044-977-8111,140012,1,1,1,1,1,1,7,0,0,0,0,746,14,
けいゆう病院,2208521,みなとみらい3-7-3,,045-221-8181,140014,1,1,1,0,0,0,0,0,0,0,0,724,14,
横浜労災病院,2220036,小机町3211,,045-474-8111,140016,1,1,1,0,0,0,0,0,0,0,0,730,14,
昭和大学藤が丘病院,2278501,藤が丘1-30,,045-971-1151,140017,1,1,0,0,0,0,0,0,0,0,0,738,14,
相模原病院,2520392,桜台18-1,,042-742-8311,140019,0,1,1,0,0,0,0,0,0,0,0,751,14,
北里大学,2520375,北里1-15-1,,042-778-8111,140020,1,1,1,1,1,1,0,0,0,0,0,751,14,
相模野病院,2520206,淵野辺1-2-30,,042-752-2025,140021,0,1,1,0,0,0,0,0,0,0,0,750,14,
相模原協同病院,2525188,橋本2-8-18,,042-772-4291,140022,0,1,0,0,0,0,0,0,0,0,0,749,14,
横浜市立みなと赤十字病院,2318682,新山下3-12-1,,045-628-6100,140026,0,0,1,0,0,0,0,0,0,0,0,725,14,
済生会横浜市南部病院,2340054,港南台3-2-10,,045-832-1111,140028,1,1,1,0,0,0,0,0,0,0,0,732,14,
横浜市立大学,2360004,福浦3-9,,045-787-2800,140029,1,1,1,0,0,0,0,0,0,0,0,729,14,
横浜南共済病院,2360037,六浦東1-21-1,,045-782-2101,140030,1,1,1,0,0,0,0,0,0,0,0,729,14,
横須賀共済病院,2388558,米が浜通1-16,,046-822-2710,140032,1,1,1,0,0,0,0,0,0,0,0,752,14,
聖隷横浜病院,2408521,岩井町215,,045-715-3111,140034,0,0,1,0,0,0,0,0,0,0,0,727,14,
横浜市立市民病院,2408555,岡沢町56,,045-331-1961,140035,1,1,1,0,0,0,0,0,0,0,0,727,14,
聖マリアンナ医科大学横浜市西部病院,2410811,矢指町1197-1,,045-366-1111,140037,1,1,1,0,0,0,0,0,0,0,0,733,14,
大和市立病院,2428602,深見西8-3-6,,046-260-0111,140038,1,1,0,0,0,0,0,0,0,0,0,762,14,
海老名総合病院,2430433,河原口1320,,046-233-1311,140040,1,0,0,0,0,0,0,0,0,0,0,764,14,
国際親善総合病院,2450006,西が岡1-28-1,,045-813-7419,140041,0,0,1,0,0,0,0,0,0,0,0,737,14,
横浜医療センター,2458575,原宿3-60-2,,045-851-2621,140042,1,1,1,0,0,0,0,0,0,0,0,731,14,
湘南鎌倉総合病院,2478533,岡本1370-1,,0467-46-1717,140044,1,1,1,0,0,0,0,0,0,0,0,754,14,
小田原市立病院,2508558,久野46,,0465‐34‐3175,140045,1,1,1,0,0,0,0,0,0,0,0,756,14,
藤沢市民病院,2518550,藤沢2-6-1,,0466-25-3111,140046,1,1,1,0,0,0,0,0,0,0,0,755,14,
茅ヶ崎市立病院,2530042,本村5-15-1,,0467-52-1111,140047,1,0,1,0,0,0,0,0,0,0,0,757,14,
平塚市民病院,2540065,南原1-19-1,,0463-32-0015,140049,1,1,1,0,0,0,0,0,0,0,0,753,14,
伊勢原協同病院,2591187,田中345,,0463-94-2111,140054,1,1,0,0,0,0,0,0,0,0,0,763,14,
東海大学,2591193,下糟屋143,,0463-93-1121,140055,1,1,1,1,1,1,0,0,0,0,0,763,14,
神奈川県立がんセンター,2418515,中尾2-3-2,,045-520-2222,140059,1,1,0,0,0,0,0,0,0,0,0,733,14,
横浜市立大学市民総合医療センター,２３２－００２４,浦舟町4-57,,０４５-２６１-５６５６,140061,1,1,1,1,1,1,4,0,0,0,0,726,14,
神奈川県立こども医療センター,2328555,六ツ川 2-138-4,,045-711-2351,140062,1,0,1,0,0,0,0,0,0,0,0,726,14,
昭和大学横浜市北部病院,2248503,茅ケ崎中央35-1,,045-949-7000,140063,1,1,1,0,0,0,0,0,0,0,0,739,14,
福田ウイメンズクリニック,2440801,品濃町549-2,三宅ビル 7階,045-825-5525,140069,0,0,0,1,1,1,0,0,0,0,0,731,14,
東條ウイメンズホスピタル,2330013,丸山台2-34-7,,045-843-1121,140070,0,0,0,1,1,1,0,0,0,0,0,732,14,
アモルクリニック,2220033,新横浜3-20-3-7F,,045-475-1000,140072,0,0,0,1,1,1,0,0,0,0,0,730,14,
田園都市レディースクリニック,2250011,あざみ野1-5-1,,045-905-5524,140075,0,0,0,1,1,1,0,0,0,0,1,738,14,
馬車道レディスクリニック,2310012,相生町4-65-3,馬車道メディカルスクエア 5F,045-228-1680,140076,0,0,0,1,1,1,0,0,0,0,0,725,14,
須藤産科婦人科医院,2570003,南矢名4-12-12,,0463-77-7666,140078,0,0,0,1,1,1,0,0,0,0,0,760,14,
ソフィアレディスクリニック,2520233,鹿沼台2-12-2,サンライズアートビル,042-776-3636,140079,0,0,0,1,1,1,0,0,0,0,0,750,14,
愛育レディーズクリニック,2420006,南林間2-13-3,,046-277-3316,140083,0,0,0,1,1,1,0,0,0,0,0,762,14,
神奈川レディースクリニック,2210822,西神奈川1-11-5,ARTVISTA横浜ビル,045-290-8666,140085,0,0,0,1,1,1,0,0,0,0,1,723,14,
菊名西口医院,2220021,篠原北1-3-33,,045-401-6444,140086,0,0,0,1,1,1,0,0,0,0,0,730,14,
山近記念総合病院,2560815,小八幡3-19-14,,0465-47-7151,140088,0,0,0,1,1,1,0,0,0,0,0,756,14,
海老名レディースクリニック,2430432,中央2-9-50,海老名プライムタワー24階,046-236-1105,140089,0,0,0,1,1,1,0,0,0,0,0,764,14,
ノア・ウィメンズクリニック,2110063,小杉町1-510-1,,044-739-4122,140090,0,0,0,1,1,1,0,0,0,0,0,743,14,
CMポートクリニック,2240032,茅ヶ崎中央50-17,CM-PORTビル B1F,045-948-3761,140091,0,0,0,1,1,1,0,0,0,0,0,739,14,
済生会横浜市東部病院,2308765,下末吉3-6-1,,045-576-3000,140093,1,1,1,1,1,1,0,0,0,0,0,722,14,
湘南レディースクリニック,2510023,鵠沼花沢町1-12,第５相澤ビル5階6階,0466-55-5066,140094,0,0,0,1,1,1,0,0,0,0,0,755,14,
みなとみらい夢クリニック,2200012,みなとみらい3-6-3,MMパークビル2F･3F(受付),045-228-3131,140095,0,0,0,1,1,1,0,0,0,0,0,724,14,
産婦人科クリニックさくら,2250003,新石川2-9-3,,045-911-9936,140096,0,0,0,1,1,1,0,0,0,0,0,738,14,
矢内原ウィメンズクリニック,2470056,大船1-26-29 4F,,0467-50-0112,140097,0,0,0,1,1,1,0,0,0,0,0,754,14,
メディカルパーク湘南,2520804,湘南台1-24-7,,0466-41-0331,140098,0,0,1,1,1,1,0,0,0,0,0,755,14,
山下湘南夢クリニック,2510025,鵠沼石上1-2-10,ウェルビーズ藤沢4Ｆ,0466-55-5011,140099,0,0,0,1,1,1,0,0,0,0,0,755,14,
東條ARTクリニック,2330013,丸山台2-34-7,,045-843-1121,140101,0,0,0,1,1,1,0,0,0,0,0,732,14,
新百合ヶ丘総合病院,2150026,古沢都古255,,044-322-9991,140102,1,1,0,1,1,1,0,0,0,0,0,747,14,
南生田レディースクリニック,2140036,南生田7-20-21,,044-930-3223,140103,0,0,0,1,1,0,0,0,0,0,0,745,14,
神奈川ARTクリニック,2520303,相模大野6-19-29,,042-701-3855,140104,0,0,0,1,1,1,0,0,0,0,0,751,14,
横浜HARTクリニック,2210835,鶴屋町3-32-13,第2安田ビル7階,045-620-5731,140105,0,0,0,1,1,1,0,0,0,0,0,723,14,
川崎市立多摩病院,2148525,宿河原1-30-37,,044-933-8111,140106,1,0,0,0,0,0,0,0,0,0,0,745,14,
なかむらアートクリニック,2220033,新横浜2-5-14,WISE NEXT 新横浜 9F,045-534-6534,140107,0,0,0,1,1,1,0,0,0,0,0,730,14,
川崎幸病院,2120014,大宮町31-27,,044-544-4611,140108,0,1,0,0,0,0,0,0,0,0,0,742,14,
コシ産婦人科,2210065,白楽71-8,,045-432-2525,140109,0,0,0,1,1,1,0,0,0,0,0,723,14,
小田原レディスクリニック,2500045,城山2-1-5,,0465-35-1103,140110,0,0,0,1,1,1,0,0,0,0,0,756,14,
メディカルパーク横浜,2310062,桜木町1 - 1 - 8,日石横浜ビル 4階,045-232-4741,140111,0,0,0,1,1,1,0,0,0,0,1,725,14,
山梨県立中央病院,4008506,富士見1-1-1,,055-253-7111,150002,1,1,1,0,0,0,0,0,0,0,0,871,19,
甲府共立病院,4000034,宝1-9-1,,055-226-3131,150003,1,0,0,0,0,0,0,0,0,0,0,871,19,
山梨大学,4093898,下河東1110,,055-273-1111,150006,1,1,1,1,1,1,7,0,0,0,0,883,19,
市立甲府病院,4000832,増坪町366,,055-244-1111,150007,1,0,0,0,0,0,0,0,0,0,0,871,19,
山梨赤十字病院,4010301,船津6663-1,,0555-72-2222,150008,1,0,0,0,0,0,0,0,0,0,0,895,19,
甲府昭和婦人クリニック,4093867,清水新居1215-1,,055-226-5566,150009,0,0,0,1,1,1,0,0,0,0,0,889,19,
薬袋レディースクリニック,4000035,飯田2-3-9,,055-226-3711,150010,0,0,0,1,1,1,0,0,0,0,0,871,19,
このはな産婦人科,4000117,西八幡1950-1,,055-225-5500,150011,0,0,0,1,1,1,0,0,0,0,0,879,19,
長野赤十字病院,3808582,若里5-22-1,,026-226-4131,160001,1,1,0,0,0,0,0,0,0,0,0,898,20,
佐久総合病院佐久医療センター,3850051,中込3400-28,,0267-88-7354,160003,1,0,1,0,0,0,0,0,0,0,0,913,20,
浅間総合病院,3858558,岩村田1862-1,,0267-67-2295,160004,0,1,0,1,1,0,0,0,0,0,0,913,20,
篠ノ井総合病院,3888004,篠ノ井会666-1,,026-292-2261,160005,1,1,1,1,1,1,4,0,0,0,0,898,20,
信州大学,3908621,旭3-1-1,,0263-35-4600,160006,1,1,1,1,1,1,4,0,0,0,0,899,20,
諏訪赤十字病院,3928510,湖岸通り5-11-50,,0266-52-6111,160008,1,0,1,0,0,0,0,0,0,0,0,903,20,
飯田市立病院,3958502,八幡町438,,0265-21-1255,160010,1,0,1,0,0,0,0,0,0,0,0,902,20,
北信総合病院,3838505,西1-5-63,,0269-22-2151,160015,1,0,1,0,0,0,0,0,0,0,0,908,20,
わかばレディス＆マタニティクリニック,3900303,浅間温泉1-24-5,,0263-45-0103,160018,0,0,0,1,1,1,0,0,0,0,0,899,20,
北原レディースクリニック,3900852,島立1081-1,,0263-48-3186,160019,0,0,0,1,1,1,0,0,0,0,0,899,20,
三浦産婦人科,3860012,中央3-16-10,,0268-22-0350,160020,0,0,0,1,1,1,0,0,0,0,0,900,20,
吉澤産婦人科医院,3800904,七瀬中町96,,026-226-8475,160021,0,0,0,1,1,1,0,0,0,0,0,898,20,
長野市民病院,3818551,大字富竹1333-1,,026-295-1199,160022,0,1,0,1,1,1,0,0,0,0,0,898,20,
諏訪マタニティークリニック,3930077,矢木112-13,,0266-28-6100,160025,0,0,0,1,1,1,0,0,0,0,0,928,20,
伊那中央病院,3968555,小四郎久保1313-1,,0265-72-3121,160026,1,0,0,0,0,0,0,0,0,0,0,906,20,
相澤病院,3908510,2-5-1,,0263-33-8600,160027,1,0,0,0,0,0,0,0,0,0,0,899,20,
長野県立信州医療センター,3820091,大字須坂1332,,026-245-1650,160028,1,0,0,0,0,0,0,0,0,0,0,904,20,
組合立諏訪中央病院,3918503,玉川4300,,0266-72-1000,160029,1,0,0,0,0,0,0,0,0,0,0,911,20,
長野県立こども病院,3998288,豊科3100,,0263-73-6700,160030,1,0,0,0,0,0,0,0,0,0,0,916,20,
松本市立病院,3901401,波田4417-180,,0263-92-3027,160031,1,0,0,0,0,0,0,0,0,0,0,899,20,
佐久平エンゼルクリニック,3850021,長土呂1210-1,,0267-67-5816,160032,0,0,0,1,1,1,0,0,0,0,0,913,20,
菜の花マタニティクリニック,3960009,日影380-1,,0265-76-7087,160033,0,0,0,1,1,1,0,0,0,0,0,906,20,
西澤病院,3950044,本町4-5,,0265-24-3800,160034,0,0,0,1,1,1,0,0,0,0,0,902,20,
沼津市立病院,4100302,東椎路春ノ木550,,055-924-5100,170001,1,0,1,1,1,0,0,0,0,0,0,1029,22,
順天堂大学静岡病院,4102295,長岡1129,,055-948-3111,170002,1,1,1,0,0,0,0,0,0,0,0,1048,22,
富士市立中央病院,4178567,高島町50,,0545-52-1131,170006,1,1,1,1,1,1,0,0,0,0,0,1035,22,
富士宮市立病院,4180076,錦町3-1,,0544-27-3151,170007,1,0,0,0,0,0,0,0,0,0,0,1032,22,
静岡赤十字病院,4200853,追手町8-2,,054-254-4311,170008,1,1,1,1,1,1,0,0,0,0,0,1018,22,
静岡県立総合病院,4208527,北安東4-27-1,,054-247-6111,170009,1,1,0,0,0,0,0,0,0,0,0,1018,22,
静岡厚生病院,4208623,北番町23,,054-271-7177,170010,1,0,0,0,0,0,0,0,0,0,0,1018,22,
静岡市立静岡病院,4208630,追手町10-93,,054-253-3125,170011,1,0,0,0,0,0,0,0,0,0,0,1018,22,
静岡済生会総合病院,4228527,小鹿1-1-1,,054-285-6171,170014,1,1,1,0,0,0,0,0,0,0,0,1019,22,
静岡市立清水病院,4248636,宮加三1231,,054-336-1111,170016,1,1,1,0,0,0,0,0,0,0,0,1020,22,
焼津市立総合病院,4258505,道原1000,,054-623-3111,170017,1,0,0,1,1,1,0,0,0,0,0,1037,22,
聖隷浜松病院,4308558,住吉2-12-12,,053-474-2222,170023,1,1,1,1,1,1,7,0,0,0,0,1022,22,
浜松医科大学,4313192,半田山1-20-1,,053-435-2111,170025,1,1,1,1,1,1,4,0,0,0,0,1023,22,
浜松医療センター,4328580,富塚町328,,053-453-7111,170026,1,1,1,0,0,0,0,0,0,0,0,1022,22,
聖隷三方原病院,4338558,三方原町3453,,053-436-1251,170027,1,1,1,1,1,1,7,0,0,0,0,1026,22,
磐田市立総合病院,438−8550,大久保512-3,,0538-38-5000,170031,1,1,1,0,0,0,0,0,0,0,0,1036,22,
かぬき岩端医院,4100822,下香貫前原1479-3,,055-932-8189,170036,0,0,0,1,1,1,0,0,0,0,0,1029,22,
小島レディースクリニック,4100022,大岡1125-1,,055-952-1133,170037,0,0,0,1,1,1,0,0,0,0,0,1029,22,
岩端医院,4100801,大手町3-2-19,,055-962-1368,170038,0,0,0,1,1,1,0,0,0,0,0,1029,22,
西村ウイメンズクリニック,4338122,上島6-30-3,,053-479-0222,170040,0,0,0,1,1,1,0,0,0,0,0,1022,22,
伊豆赤十字病院,4102413,小立野100,,054-252-8131,170042,0,0,1,0,0,0,0,0,0,0,0,1045,22,
可睡の杜レディースクリニック,4370127,可睡の杜31-6,,0538-49-5656,170046,0,0,0,1,1,1,0,0,0,0,0,1041,22,
西垣ARTクリニック,4380078,中泉1-6-16,,0538-33-4455,170047,0,0,0,1,1,1,0,0,0,0,0,1036,22,
望月産婦人科医院,4170847,比奈856,,0545-34-0445,170048,0,0,0,1,1,0,0,0,0,0,0,1035,22,
俵IVFクリニック,4228066,泉町2-20,,054-288-2882,170049,0,0,0,1,1,1,4,0,0,0,1,1019,22,
静岡県立こども病院,4208660,漆山860,,054-247-6251,170050,1,0,1,0,0,0,0,0,0,0,0,1018,22,
静岡県立静岡がんセンター,4118777,下長窪1007,,055（989）5222,170051,0,1,0,0,0,0,0,0,0,0,0,1057,22,
静岡レディースクリニック,4200837,日出町10-3,,054-251-0770,170052,0,0,0,1,1,1,4,0,0,0,0,1018,22,
藤枝市立総合病院,4268677,駿河台4-1-11,,054-646-1111,170054,1,0,0,0,0,0,0,0,0,0,0,1039,22,
いながきレディースクリニック,4100062,宮前町12-11,,055-926-1709,170055,0,0,0,1,1,1,4,0,0,0,0,1029,22,
アクトタワークリニック,4307707,板屋町111-2,浜松アクトタワー7F,053-413-1124,170056,0,0,0,1,1,1,4,0,0,0,0,1022,22,
三島レディースクリニック,4110841,南本町15-35,,055-991-0770,170057,0,0,0,1,1,1,4,0,0,0,0,1031,22,
中東遠総合医療センター,4368555,菖蒲ヶ池1-1,,0537-21-5555(,170058,1,1,0,0,0,0,0,0,0,0,0,1038,22,
長谷川産婦人科医院,4170051,吉原5-3-18,,0545-53-7575,170059,0,0,0,1,1,1,0,0,0,0,0,1035,22,
県立美術館前レディースメンタルクリニック,4228002,谷田30-22,,054-264-6000,170060,0,0,0,1,1,1,0,0,0,0,0,1019,22,
長岡赤十字病院,9402085,千秋2-297-1,,0258-28-3600,180001,1,1,1,0,0,0,0,0,0,0,0,791,15,
立川綜合病院,9408621,旭岡1-24,,0258-33-3111,180002,1,0,0,1,1,1,0,0,0,0,0,791,15,
長岡中央綜合病院,9408653,川崎町2041,,0258-35-3700,180003,1,0,0,0,0,0,0,0,0,0,0,791,15,
上越総合病院,9438507,大道福田616,,025-524-3000,180004,1,0,0,1,1,1,0,0,0,0,0,804,15,
新潟県立中央病院,9430192,新南町205,,025-522-7711,180005,1,0,0,0,0,0,0,0,0,0,0,804,15,
木戸病院,9500862,竹尾4-13-3,,025-273-2151,180006,0,0,0,1,1,1,0,1,0,0,0,784,15,
済生会新潟第二病院,9501104,寺地280-7,,025-233-6161,180007,1,1,0,1,1,1,0,0,0,0,0,789,15,
新潟市民病院,950−1197,鐘木463-7,,025-281-5151,180008,1,1,1,0,0,0,0,0,0,0,0,785,15,
新潟大学,9518520,旭町通一番町754,,025-223-6161,180009,1,1,1,1,1,1,4,0,0,0,0,785,15,
新潟県立がんセンター新潟病院,9518566,川岸町2-15-3,,025-266-5111,180010,1,1,0,0,0,0,0,0,0,0,0,785,15,
新潟県済生会三条病院,9558511,大野畑6-18,,0256-33-1551,180011,1,0,0,0,0,0,0,0,0,0,0,792,15,
新潟県立新発田病院,9578588,本町1-2-8,,0254-22-3121,180012,1,0,0,0,0,0,0,0,0,0,0,794,15,
村上総合病院,9588533,田端町2-17,,0254-53-2141,180013,1,0,0,0,0,0,0,0,0,0,0,799,15,
レディスクリニック石黒,9550083,荒町2-25-33,,0256-33-0150,180016,0,0,0,1,1,1,0,0,0,0,0,792,15,
新津産科婦人科クリニック,9500208,横越中央7-1-7,,025-384-4103,180019,0,0,0,1,1,1,0,0,0,0,0,786,15,
大島クリニック,9430153,鴨島1100,,025-522-2000,180022,0,0,0,1,1,1,0,0,0,0,0,804,15,
源川産婦人科クリニック,9500014,松崎1-18-12,,050-3533－8855,180023,0,0,0,1,1,1,0,1,0,0,0,784,15,
ロイヤルハートクリニック,9500905,天神尾1-17-5,,025-244-1122,180024,0,0,0,1,1,1,0,0,0,0,0,785,15,
長岡レディースクリニック,9400875,新保2-5-43,,0258-22-7780,180026,0,0,0,1,1,1,0,0,0,0,0,791,15,
関塚医院,9570006,中田町2-17-15,,0254-26-1405,180027,0,0,0,1,1,1,0,0,0,0,0,794,15,
菅谷ウイメンズクリニック,9430804,新光町3-6-16,,025-546-7660,180028,0,0,0,1,1,1,0,0,0,0,0,804,15,
新潟県地域医療推進機構魚沼基幹病院,9497302,浦佐4132,,025-777-3200,180029,0,1,0,0,0,0,0,0,0,0,0,808,15,
ART女性クリニック白山,9518131,白山浦2-20-1,白山メディカルビル2F･3F,025-378-3065,180030,0,0,0,1,1,1,0,0,0,0,0,785,15,
富山大学,9300194,杉谷2630,,076-434-2281,190001,1,1,1,0,0,0,0,0,0,0,0,820,16,
富山赤十字病院,9300859,牛島本町2-1-58,,076-433-2222,190002,1,1,1,1,1,1,0,0,0,0,0,820,16,
富山県立中央病院,9308550,西長江2-2-78,,076-424-1531,190003,1,1,1,1,1,1,0,0,0,0,0,820,16,
厚生連高岡病院,9338555,永楽町5-10,,0766-21-3930,190004,1,1,1,0,0,0,0,0,0,0,0,821,16,
黒部市民病院,9388502,三日市1108-1,,0765-54-2211,190005,1,1,1,0,0,0,0,0,0,0,0,825,16,
市立砺波総合病院,9391395,新富町1-61,,0763-32-3320,190006,0,0,1,0,0,0,0,0,0,0,0,826,16,
富山市立富山市民病院,9398511,今泉北部町2-1,,076-422-1112,190007,1,0,1,0,0,0,0,0,0,0,0,820,16,
高岡市民病院,9338550,宝町4-1,,0766-23-0204,190009,1,1,0,0,0,0,0,0,0,0,0,821,16,
あわの産婦人科医院,9390626,入膳229-3,,0765-72-0588,190015,0,0,0,1,1,1,0,0,0,0,0,833,16,
小嶋ウィメンズクリニック,9300887,五福521-1,,076-432-1788,190018,0,0,0,1,1,1,0,0,0,0,0,820,16,
女性クリニックWe富山,9398204,根塚町1-5-1,,076-493-5580,190019,0,0,0,1,1,1,0,0,0,0,0,820,16,
あいARTクリニック,9330813,下伏間江572,,0766-27-3311,190020,0,0,0,1,1,1,0,0,0,0,0,821,16,
金沢医科大学,9200293,大学1-1,,076-286-3511,200001,1,1,1,0,0,0,0,0,0,0,0,848,17,
金沢医療センター,9208650,下石引町1-1,,076-262-4161,200002,1,1,0,0,0,0,0,0,0,0,0,835,17,
石川県立中央病院,9208530,鞍月東2-1,,076-237-8211,200003,1,1,1,1,1,1,0,0,0,0,0,835,17,
金沢大学,9208641,宝町13-1,,076-265-2000,200004,1,1,1,0,0,0,0,0,0,0,0,835,17,
永遠幸レディスクリニック,9230002,小島町ル50-1,,0761-23-1555,200013,0,0,0,1,1,1,0,0,0,0,0,837,17,
金沢たまごクリニック,9200016,諸江町中丁327-1,,076-237-3300,200014,0,0,0,1,1,1,4,0,0,0,0,835,17,
恵寿総合病院,9268605,富岡町94,,0767-52-3211,200015,0,0,0,1,1,1,0,0,0,0,0,836,17,
深江レディースクリニック,9218841,市郷町260,,076-294-3336,200017,0,0,0,1,1,0,0,0,0,0,0,845,17,
鈴木レディスホスピタル,9218033,寺町2-8-36,,076-242-3155,200018,0,0,0,1,1,1,0,0,0,0,0,835,17,
福井愛育病院,9100833,新保2-301,,0776-54-5757,210001,1,0,1,0,0,0,0,0,0,0,0,854,18,
福井県立病院,9108526,四ツ井2-8-1,,0776-54-5151,210002,1,1,1,0,0,0,0,0,0,0,0,854,18,
福井大学,9101193,松岡下合月23-3,,0776-61-3111,210003,1,1,1,1,1,1,4,0,0,0,0,863,18,
福井赤十字病院,9188501,月見2-4-1,,0776-36-3630,210004,1,1,1,0,0,0,0,0,0,0,0,854,18,
市立敦賀病院,9148502,三島町1-6-60,,0770-22-3611,210005,0,0,1,0,0,0,0,0,0,0,0,855,18,
福井県済生会病院,9188503,和田中町舟橋7-1,,0776-23-1111,210006,1,1,1,0,0,0,0,0,0,0,0,854,18,
公立小浜病院,9178567,大手町2-2,,0770-52-0990,210007,0,0,1,0,0,0,0,0,0,0,0,856,18,
公立丹南病院,9168515,三六町1-2-31,,0778-51-2260,210009,0,0,1,0,0,0,0,0,0,0,0,859,18,
本多レディースクリニック,9100004,宝永4-2-18,,0776-24-6800,210013,0,0,0,1,1,1,0,0,0,0,0,854,18,
西ウイミンズクリニック,9188105,木田2-2102,,0776-33-3663,210014,0,0,0,1,1,1,0,0,0,0,1,854,18,
岐阜大学,5011194,柳戸1-1,,058-230-6000,220002,1,1,1,1,1,1,7,0,0,0,0,975,21,
岐阜県総合医療センター,5008717,野一色4-6-1,,058-246-1111,220003,1,1,1,0,0,0,0,0,0,0,0,975,21,
松波総合病院,5016062,田代185-1,,058-388-0111,220005,0,1,1,1,1,1,0,0,0,0,0,997,21,
大垣市民病院,5038502,南頬町4-86,,0584-81-3341,220006,1,1,1,1,1,0,0,0,0,0,0,976,21,
高山赤十字病院,5068550,天満町3-11,,0577-32-1111,220008,1,0,0,0,0,0,0,0,0,0,0,977,21,
岐阜県立多治見病院,5078522,前畑町5-161,,0572-22-5311,220010,1,1,1,0,0,0,0,0,0,0,0,978,21,
おおのレディースクリニック,5020901,光町1-44,,058-233-0201,220016,0,0,0,1,1,1,0,0,0,0,0,975,21,
操レディスホスピタル,5020846,津島町6-19,,058-233-8811,220017,0,0,0,1,1,1,4,0,0,0,0,975,21,
高橋産婦人科,5008818,梅ヶ枝町3-41-3,,058-263-5726,220018,0,0,0,1,1,1,0,0,0,0,0,975,21,
クリニックママ,5030807,今宿3-34-1,,0584-73-5111,220020,0,0,0,1,1,1,4,0,1,1,1,976,21,
花林レディースクリニック,5016244,竹鼻町丸の内4-5,,058-393-1122,220021,0,0,0,1,1,0,0,0,0,0,0,983,21,
中西ウィメンズクリニック,5070024,大正町1-45,,0572-25-8882,220022,0,0,0,1,1,1,0,0,0,0,0,978,21,
古田産科婦人科クリニック,5008842,金町7-3,,058-265-2395,220023,0,0,0,1,1,1,0,0,0,0,0,975,21,
郡上市民病院,5014222,八幡町島谷1261,,0575-67-1611,220025,1,0,0,0,0,0,0,0,0,0,0,993,21,
豊橋市民病院,4418570,青竹町字八間西50,,0532-33-6111,230001,1,1,1,1,1,1,0,0,0,0,0,1079,23,
豊川市民病院,4428561,八幡町野路23,,0533-86-1111,230004,1,1,0,0,0,0,0,0,0,0,0,1085,23,
蒲郡市民病院,4438501,平田町向田1-1,,0533-66-2200,230005,1,0,0,0,0,0,0,0,0,0,0,1092,23,
岡崎市民病院,444－8553,高隆寺町字五所合3-1,,0564-21-8111,230006,1,1,1,0,0,0,0,0,0,0,0,1080,23,
八千代病院,4468510,住吉町2-2-7,,0566-97-8111,230008,0,0,0,1,1,1,0,0,0,0,0,1090,23,
安城更生病院,4468602,安城町東広畔28,,0566-75-2111,230009,1,1,1,0,0,0,0,0,0,0,0,1090,23,
刈谷豊田総合病院,4488505,住吉町5-15,,0566-25-2810,230011,1,1,1,0,0,0,0,0,0,0,0,1088,23,
名古屋第一赤十字病院,4538511,道下町3-35,,052-481-5111,230014,1,1,1,1,1,1,4,0,0,0,0,1067,23,
名古屋掖済会病院,4548502,松年町4-66,,052-652-7711,230015,1,1,1,0,0,0,0,0,0,0,0,1072,23,
藤田医科大学ばんたね病院,4548509,尾頭橋3-6-10,,052-321-8171,230016,1,0,0,0,0,0,0,0,0,0,0,1072,23,
中部ろうさい病院,4558530,港明1-10-6,,052-652-5511,230017,1,1,1,0,0,0,0,0,0,0,0,1073,23,
中京病院,4570851,三条1-1-10,,052-691-7151,230020,1,0,0,0,0,0,0,0,0,0,0,1074,23,
名古屋医療センター,4600001,三の丸4-1-1,,052-951-1111,230024,0,1,0,0,0,0,0,0,0,0,0,1068,23,
可世木婦人科　ARTクリニック,4600008,栄4-2-29,名古屋広小路プレイス7F,052-251-8801,230025,0,0,0,1,1,1,0,0,0,0,0,1068,23,
名古屋市立西部医療センター,4628508,平手町1-1-1,,052-991-8121,230029,1,1,1,0,0,0,0,0,0,0,0,1065,23,
名古屋市立東部医療センター,4648547,若水1-2-23,,052-721-7171,230030,1,1,0,0,0,0,0,0,0,0,0,1063,23,
名古屋大学,4668560,鶴舞町65,,052-741-2111,230031,1,1,1,1,1,1,7,0,0,0,0,1069,23,
名古屋第二赤十字病院,4668650,妙見町2-9,,052-832-1121,230033,1,1,1,0,0,0,0,0,0,0,0,1069,23,
名古屋市立大学,4678602,瑞穂町字川澄1,,052-851-5511,230034,1,1,1,1,1,1,0,0,0,0,0,1070,23,
藤田医科大学,4701192,沓掛町田楽ヶ窪1-98,,0562-93-2111,230035,1,1,1,1,1,1,0,0,0,0,1,1106,23,
トヨタ記念病院,4718513,平和町1-1,,0565-28-0100,230036,1,1,1,1,1,1,0,0,0,0,0,1089,23,
半田市立半田病院,4758599,東洋町2-29,,0569-22-9881,230037,1,1,0,0,0,0,0,0,0,0,0,1083,23,
愛知医科大学,4801195,岩作雁又1-1,,0561-62-3311,230040,1,1,1,0,0,0,0,0,0,0,0,1115,23,
江南厚生病院,4838704,高屋町大松原137,,0587-51-3333,230042,1,1,1,1,1,0,0,0,0,0,0,1095,23,
小牧市民病院,4858520,常普請1-20,,0568-76-4131,230043,1,1,1,1,1,1,0,0,0,0,0,1096,23,
春日井市民病院,4868510,鷹来町1-1-1,,0568-57-0057,230044,1,1,1,0,0,0,0,0,0,0,0,1084,23,
公立陶生病院,4898642,西追分町160,,0561-82-5101,230045,1,1,1,0,0,0,0,0,0,0,0,1082,23,
一宮市立市民病院,4918558,文京2-2-22,,0586-71-1911,230047,1,1,1,0,0,0,0,0,0,0,0,1081,23,
海南病院,4988502,前ケ須町南本田396,,0567‐65‐2511,230049,1,1,1,0,0,0,0,0,0,0,0,1112,23,
愛知県がんセンター,4648681,鹿子殿1-1,,052-762-6111,230052,0,1,0,0,0,0,0,0,0,0,0,1063,23,
豊田厚生病院,4700396,浄水町伊保原500-1,,0565-43-5000,230053,1,1,1,0,0,0,0,0,0,0,0,1089,23,
鈴木病院,4710033,月見町1-10-8,,0565-33-8051,230054,1,0,0,0,0,0,0,0,0,0,0,1089,23,
名古屋記念病院,4688520,天白区平針4-305,,052-804-1111,230055,1,1,1,0,0,0,0,0,0,0,0,1078,23,
中原クリニック,4890989,山手町327,,0561-88-0311,230058,0,0,0,1,1,1,0,0,0,0,0,1082,23,
原田レディースクリニック,4780063,寺本新町1-172,,0562-36-1103,230060,0,0,0,1,1,0,0,0,0,0,0,1101,23,
ふたばクリニック,4750977,吉田町6-82,,0569-20-5000,230061,0,0,0,1,1,1,0,0,0,0,0,1083,23,
藤澤フラウエンクリニク,4420839,四ツ谷町2-53,,0533-84-1180,230063,0,0,0,1,1,1,0,0,0,0,0,1085,23,
星ケ丘マタニティ病院,4640026,井上町27,,052-782-6211,230066,0,0,0,1,1,1,0,0,0,0,0,1063,23,
さわだウィメンズクリニック,4640819,四谷通1-18-1,RICCA11ビル3F,052-788-3588,230067,0,0,0,1,1,1,0,0,1,0,1,1063,23,
成田病院,4600011,大須1-20-30,,052-221-1595,230069,0,0,0,1,1,1,0,0,0,0,0,1068,23,
八事レディースクリニック,4680063,音聞山810,,052-834-1060,230070,0,0,0,1,1,1,0,0,0,0,0,1078,23,
山口レディースクリニック,4570007,駈上2-7-1,,052-823-2121,230072,0,0,0,1,1,1,0,0,0,0,0,1074,23,
金山レディースクリニック,4560002,金山町1-202,メガネプラザビル 6F,052-681-2241,230073,0,0,0,1,1,1,0,0,0,0,0,1071,23,
稲垣婦人科,4620825,大曽根3-15-58,大曽根フロントビル 2階,052-910-5550,230075,0,0,0,1,1,1,0,0,0,0,0,1065,23,
総合大雄会病院,4918551,桜1-9-9,,0586-72-1211,230077,1,1,1,0,0,0,0,0,0,0,0,1081,23,
G&Oレディスクリニック,4480004,泉田町折戸6-2,,0566-27-4103,230079,0,0,0,1,1,1,0,0,0,0,0,1088,23,
いくたウィメンズクリニック,4600008,栄3-15-27,いちご栄ビル(名古屋プラザビル) 3F,052-263-1250,230081,0,0,0,1,1,1,0,0,0,0,0,1068,23,
おち夢クリニック名古屋,4600002,丸の内3-19-12,久屋パークサイドビル 8階,052-968-2203,230082,0,0,0,1,1,1,4,0,0,0,1,1068,23,
浅田レディース勝川クリニック,4860931,松新町1-4,ルネック5F,0568-35-2203,230083,0,0,0,1,1,1,4,0,1,1,0,1084,23,
つかはらレディースクリニック,4910871,浅野字居森野71-1,,0586-81-8000,230084,0,0,0,1,1,1,0,0,0,0,0,1081,23,
野崎クリニック,4540943,大当郎1-1903,,052-303-3811,230085,0,0,0,1,1,1,0,0,0,0,0,1072,23,
つつじが丘ウィメンズクリニック,4400858,つつじが丘2-3-10,,0532-66-5550,230086,0,0,0,1,1,1,0,0,0,0,0,1079,23,
レディースクリニックミュウ,4500002,名駅4-6-23,第三堀内ビル13F,052-551-7111,230088,0,0,0,1,1,1,0,0,0,0,0,1067,23,
可世木レディスクリニック,4910905,平和1-9-26,,0586-47-7333,230089,0,0,0,1,1,1,0,0,0,0,0,1081,23,
森脇レディースクリニック,4700224,三好町小坂75,医療モール2F,0561-33-5512,230091,0,0,0,1,1,1,0,0,0,0,0,1113,23,
ダイヤビルレディースクリニック,4500002,名駅3-15-1,ダイヤビルディング2号館1F,052-561-1881,230093,0,0,0,1,1,1,0,0,0,0,0,1067,23,
竹内産婦人科,4400892,新本町23,,0532-52-3453,230094,0,0,0,1,1,1,0,0,0,0,0,1079,23,
浅田レディース名古屋駅前クリニック,4500002,名駅4-6-17,名古屋ビルディング3F･4F,052-551-2203,230096,0,0,0,1,1,1,4,0,1,1,1,1067,23,
あいこ女性クリニック,4650091,よもぎ台2-904,,052-777-8080,230097,0,0,0,1,1,1,0,0,0,0,0,1077,23,
ロイヤルベルクリニック,4580848,水広1-1715,,052-879-6660,230098,0,0,0,1,1,1,0,0,0,0,0,1076,23,
グリーンベルARTクリニック,4710027,喜多町2-160,コモ・スクエア WEST 3F,0565-37-3535,230099,0,0,0,1,1,1,0,0,0,0,0,1089,23,
おかだウィメンズクリニック,4600024,正木4-8-7,れんが橋ビル3F,052-683-0018,230100,0,0,0,1,1,1,0,0,0,0,0,1068,23,
フラワーベルARTクリニック,4640841,覚王山通8-70-1,サンクレア池下3F,052-764-0010,230101,0,0,0,1,1,1,0,0,0,0,0,1063,23,
ARTクリニックみらい,4442134,大樹寺2-2-2,,0564-24-9293,230102,0,0,0,1,1,1,0,0,0,0,1,1080,23,
医療法人　平針北クリニック,4700126,赤池町屋下306-2,,052-803-1103,230103,0,0,0,1,1,1,0,0,0,0,0,1107,23,
常滑市民病院,4798510,飛香台3-3-3,,0569-35-3170,230104,0,1,0,0,0,0,0,0,0,0,0,1094,23,
三重県立総合医療センター,5108561,大字日永5450-132,,059-345-2321,240002,1,1,1,0,0,0,0,0,0,0,0,1133,24,
市立四日市病院,5108567,市芝田2-2-37,,059-354-1111,240003,1,1,1,0,0,0,0,0,0,0,0,1133,24,
三重中央医療センター,5141101,久居明神町2158-5,,059-259-1211,240008,1,1,1,0,0,0,0,0,0,0,0,1132,24,
三重大学,5148507,江戸橋2-174,,059-232-1111,240009,1,1,1,1,1,1,7,0,0,0,0,1132,24,
済生会松阪総合病院,5158557,朝日町1区15-6,,0598-51-2626,240011,1,0,0,1,1,1,0,0,0,0,0,1135,24,
松阪中央総合病院,5158566,川井町小望102,,0598-21-5252,240012,0,1,0,0,0,0,0,0,0,0,0,1135,24,
伊勢赤十字病院,5168512,船江1-471-2,,0596-28-2171,240015,1,1,1,0,0,0,0,0,0,0,0,1134,24,
慈芳産婦人科,5100834,ときわ4-4-17,,059-353-0508,240018,0,0,0,1,1,1,0,0,0,0,0,1133,24,
みたき総合病院,5120911,生桑町菰池458-1,,059-330-6000,240019,0,0,0,1,1,1,0,0,0,0,0,1133,24,
森川病院,5180854,上野忍町2516-7,,0595-21-2425,240020,0,0,0,1,1,1,0,0,0,0,0,1145,24,
西山産婦人科,5140004,栄町4-72,,059-229-1200,240022,0,0,0,1,1,1,0,0,0,0,1,1132,24,
ヨナハ産婦人科小児科病院,5110838,和泉イノ割219,,0594-27-1703,240025,0,0,0,1,1,1,0,0,0,0,0,1136,24,
みのうらレディースクリニック,5100256,磯山3-9-17,,059-380-0018,240028,0,0,0,1,1,1,0,0,0,0,0,1137,24,
こうのとりWOMEN'S CAREクリニック,5100086,諏訪栄町176,ローレルタワーシュロア四日市204,059-355-5577,240029,0,0,0,1,1,1,0,0,0,0,0,1133,24,
桑名市総合医療センター,5110061,寿町3-11,,0594-22-1211,240030,0,1,0,0,0,0,0,0,0,0,0,1136,24,
大津赤十字病院,5200046,長等1-1-35,,077-522-4131,250001,1,1,1,0,0,0,0,0,0,0,0,1161,25,
大津市民病院,5200804,本宮2-9-9,,077-522-4607,250002,1,0,0,0,0,0,0,0,0,0,0,1161,25,
滋賀医科大学,5202192,瀬田月輪町,,077-548-2111,250003,1,1,1,1,1,1,7,0,0,0,0,1161,25,
済生会滋賀県病院,5203046,大橋2-4-1,,077-552-1221,250004,1,0,0,0,0,0,0,0,0,0,0,1167,25,
近江八幡市立総合医療センター,5230082,土田町1379,,0748-33-3151,250006,1,1,0,0,0,0,0,0,0,0,0,1164,25,
滋賀県立総合病院,5248524,守山5-4-30,,077-582-5031,250008,1,1,0,0,0,0,0,0,0,0,0,1166,25,
長浜赤十字病院,5268585,宮前町14-7,,0749-63-2111,250009,1,0,0,0,0,0,0,0,0,0,0,1163,25,
市立長浜病院,5260043,大戌亥町313,,0749-68-2300,250010,1,0,0,0,0,0,0,0,0,0,0,1163,25,
神野レディスクリニック,5220063,中央町3-73,,0749-22-6216,250015,0,0,0,1,1,1,0,0,0,0,0,1162,25,
桂川レディースクリニック,5200834,御殿浜21-8,,077-511-4135,250017,0,0,0,1,1,1,0,0,0,0,0,1161,25,
竹林ウィメンズクリニック,5202144,大萱1-1-1,,077-547-3557,250020,0,0,0,1,1,1,0,0,0,0,0,1161,25,
希望が丘クリニック,5202362,三宅2354,,077-586-4103,250021,0,0,0,1,1,1,0,0,0,0,0,1169,25,
草津レディースクリニック,5250026,渋川1-2-26-207,,077-566-7575,250022,0,0,0,1,1,1,0,0,0,0,0,1165,25,
草津総合病院,5258585,矢橋町1660,,077-563-8866,250023,1,1,1,0,0,0,0,0,0,0,0,1165,25,
清水産婦人科,5250027,野村3-18-5,,077-562-4332,250024,0,0,0,1,1,1,0,0,0,0,0,1165,25,
木下レディースクリニック,5200806,打出浜10-37,,077-526-1451,250025,0,0,0,1,1,1,0,0,0,0,1,1161,25,
京都第二赤十字病院,6028026,釜座通丸太町上ル春帯町355-5,,075-231-5171,260002,1,1,1,0,0,0,0,0,0,0,0,1182,26,
京都府立医科大学,6020841,広小路上 梶井465,,075-251-5111,260003,1,1,1,1,1,1,7,0,0,0,0,1182,26,
京都民医連中央病院,6168147,太秦土本町2-1,,075-861-2220,260005,1,0,0,0,0,0,0,0,0,0,0,1188,26,
京都市立病院,6048845,壬生東高田町1-2,,075-311-5311,260006,1,1,1,0,0,0,0,0,0,0,0,1184,26,
京都第一赤十字病院,6050981,本町15-749,,075-561-1121,260007,1,1,1,0,0,0,0,0,0,0,0,1185,26,
京都大学,6068507,聖護院川原町54,,075-751-3111,260009,1,1,1,1,1,1,7,0,0,0,0,1183,26,
宇治徳洲会病院,6110041,槙島町石橋145,,0774-20-1111,260012,0,0,1,0,0,0,0,0,0,0,0,1195,26,
京都桂病院,6158256,山田平尾町17,,075-391-5811,260013,1,1,1,0,0,0,0,0,0,0,0,1191,26,
京都医療センター,6128555,深草向畑町1-1,,075-641-9161,260014,1,1,1,0,0,0,0,0,0,0,0,1189,26,
三菱京都病院,6158087,桂御所町1,,075-381-2111,260016,1,0,1,0,0,0,0,0,0,0,0,1191,26,
済生会京都府病院,6170814,今里南平尾8,,075-955-0111,260017,1,1,1,0,0,0,0,0,0,0,0,1200,26,
洛和会音羽病院,6078062,音羽珍事町2,,075(593)4111,260021,1,0,0,0,0,0,0,0,0,0,0,1190,26,
足立病院,6040837,東洞院通り二条下ﾙ,,075-221-7431,260028,0,0,0,1,1,1,4,0,0,0,1,1184,26,
醍醐渡辺クリニック,6011375,醍醐高畑町30-15,,075-571-0226,260029,0,0,0,1,1,1,0,0,0,1,0,1189,26,
市立福知山市民病院,6208505,231,,0773-22-2101,260031,1,0,1,0,0,0,0,0,0,0,0,1192,26,
田村秀子婦人科医院,6040825,御池高倉東入ル御所八幡町229,,075-213-0523,260032,0,0,0,1,1,1,4,0,0,0,0,1184,26,
IDAクリニック,6078011,安朱南屋敷町35,ラクトD 6F,075-583-6515,260033,0,0,0,1,1,1,0,0,0,0,0,1190,26,
京都府立医科大学北部医療センター,6292261,字男山481,,0772-46-3371,260034,1,1,1,0,0,0,0,0,0,0,0,1216,26,
日本バプテスト病院,6068273,北白川山ノ元町47,,075-781-5191,260036,1,0,1,0,0,0,0,0,0,0,0,1183,26,
田辺中央病院,6100334,田辺中央6-1-6,,0774-63-1111,260039,0,0,1,0,0,0,0,0,0,0,0,1202,26,
身原病院,6158227,上桂宮ノ後町6の8,,075-392-3111,260040,0,0,0,1,1,1,0,0,0,0,0,1191,26,
大阪府済生会中津病院,5300012,芝田2-10-39,,06-6372-0333,270002,1,1,1,0,0,0,0,0,0,0,0,1240,27,
北野病院,5308480,扇町2-4-20,,06-6312-1221,270003,1,1,1,0,0,0,0,0,0,0,0,1240,27,
大阪市立十三市民病院,5320034,野中北2-12-27,,06-6150-8000,270005,1,0,0,0,0,0,0,0,0,0,0,1236,27,
淀川キリスト教病院,5330024,柴島1-7-50,,0120-364-489,270006,1,1,1,0,0,0,0,0,0,0,0,1227,27,
大阪市立総合医療センター,5340021,都島本通2-13-22,,06-6929-1221,270007,1,1,1,0,0,0,0,0,0,0,0,1218,27,
大阪府済生会野江病院,5360001,古市1-3-25,,06-6932-0401,270008,1,1,1,0,0,0,0,0,0,0,0,1231,27,
大阪医療センター,5400006,法円坂2-1-14,,06-6942-1331,270009,1,1,1,0,0,0,0,0,0,0,0,1241,27,
大阪警察病院,5430035,北山町10-31,,06-6771-6051,270013,1,1,1,0,0,0,0,0,0,0,0,1224,27,
大阪赤十字病院,5438555,筆ケ崎5-30,,06-6774-5111,270014,1,1,1,0,0,0,0,0,0,0,0,1224,27,
大阪鉄道病院,5450053,松崎町1-2-22,,06-6628-2221,270015,0,1,0,1,1,1,0,0,0,0,0,1232,27,
大阪市立大学,5458586,旭町1-5-7,,06-6645-2121,270016,1,1,1,0,0,0,0,0,0,0,0,1232,27,
日生病院,5500006,江之子島2-1-54,,06-6443-3446,270018,1,1,1,0,0,0,0,0,0,0,0,1221,27,
大阪病院,5530003,福島4-2-78,,06-6441-5451,270020,1,1,1,0,0,0,0,0,0,0,0,1219,27,
千船病院,555－0034,福町3-2-39,,06-6471-9541,270022,1,1,1,0,0,0,0,0,0,0,0,1226,27,
愛染橋病院,5560005,日本橋5-16-15,,06-6633-2801,270024,1,0,0,0,0,0,0,0,0,0,0,1225,27,
大阪急性期・総合医療センター,5588558,万代東3-1-56,,06-6692-1201,270025,1,1,1,1,1,1,2,0,0,0,0,1233,27,
大阪市立住吉市民病院,閉院,,,,270027,0,0,1,0,0,0,0,0,0,0,0,,27,
市立岸和田市民病院,5968501,額原町1001,,072-445-1000,270028,0,1,0,0,0,0,0,0,0,0,0,1250,27,
市立豊中病院,5608565,柴原町4-14-1,,06-6843-0101,270029,1,1,1,0,0,0,0,0,0,0,0,1251,27,
市立池田病院,5638510,城南3-1-18,,072-751-2881,270031,1,0,0,0,0,0,0,0,0,0,0,1252,27,
大阪府済生会吹田病院,5640013,川園町1-2,,06-6382-1521,270032,1,1,1,0,0,0,0,0,0,0,0,1253,27,
市立吹田市民病院,5648567,岸部新町5-7,,06-6387-3311,270033,0,1,0,0,0,0,0,0,0,0,0,1253,27,
大阪大学,5650871,山田丘2-15,,06-6879-5111,270035,1,1,1,1,1,1,0,0,0,0,0,1253,27,
国立循環器病研究センター,5648565,岸部新町6-1,,06-6170-1070,270036,1,0,1,0,0,0,0,0,0,0,0,1253,27,
高槻赤十字病院,5691096,阿武野1-1-1,,072-696-0571,270039,1,0,0,0,0,0,0,0,0,0,0,1255,27,
高槻病院,5691192,古曽部町1-3-13,,072-681-3801,270040,1,1,1,0,0,0,0,0,0,0,0,1255,27,
大阪医科大学,5698686,大学町2-7,,072-683-1221,270041,1,1,1,1,1,1,4,0,0,0,0,1255,27,
関西医科大学附属病院,5731191,新町2-3-1,,072-804-0101,270042,1,1,1,1,1,1,4,0,0,0,0,1258,27,
松下記念病院,5708540,外島町5-55,,06-6992-1231,270043,1,1,1,0,0,0,0,0,0,0,0,1257,27,
市立東大阪医療センター,5788588,西岩田3-4-5,,06-6781-5101,270048,1,1,1,0,0,0,0,0,0,0,0,1275,27,
阪南中央病院,5800023,南新町3-3-28,,072-333-2100,270051,1,1,1,0,0,0,0,0,0,0,0,1265,27,
八尾市立病院,5810069,龍華町1-3-1,,072-922-0881,270053,1,1,1,0,0,0,0,0,0,0,0,1260,27,
大阪はびきの医療センター,5838588,はびきの3-7-1,,072-957-2121,270054,1,1,1,0,0,0,0,0,0,0,0,1270,27,
大阪南医療センター,5868521,木戸東町2-1,,0721-53-5761,270055,1,1,0,0,0,0,0,0,0,0,0,1264,27,
近畿大学,5898511,大野東377-2,,072-366-0221,270056,1,1,1,1,1,1,5,0,0,0,0,1279,27,
耳原総合病院,5908505,協和町4-465,,072-241-0501,270059,1,1,0,0,0,0,0,0,0,0,0,1243,27,
堺市立総合医療センター,5938304,家原寺町1-1-1,,072-272-1199,270060,1,1,1,0,0,0,0,0,0,0,0,1246,27,
大阪労災病院,5918025,長曽根町1179-3,,072-252-3561,270062,1,1,1,0,0,0,0,0,0,0,0,1248,27,
和泉市立総合医療センター,5940073,和気町4-5-1,,0725-41-1331,270063,0,1,0,0,0,0,0,0,0,0,0,1267,27,
府中病院,5940076,肥子町1-10-17,,0725-43-1234,270064,1,1,1,0,0,0,0,0,0,0,0,1267,27,
大阪母子医療センター,5941101,室堂町840,,0725-56-1220,270065,1,0,1,0,0,0,0,0,0,0,0,1267,27,
市立貝塚病院,5970015,堀3-10-20,,072-422-5865,270067,1,1,0,0,0,0,0,0,0,0,0,1256,27,
りんくう総合医療センター,5988577,りんくう往来北2-23,,072-469-3111,270068,1,0,1,0,0,0,0,0,0,0,0,1261,27,
谷口病院,5980043,大西1-5-20,,072-463-3232,270069,1,0,0,1,1,1,4,0,0,0,0,1261,27,
ベルランド総合病院,5998247,東山500-の3,,072-234-2001,270071,1,1,1,0,0,0,0,0,0,0,0,1244,27,
しんやしき産婦人科,5998125,西野461-1,,072-239-5571,270077,0,0,0,1,1,1,0,0,0,0,0,1245,27,
いしかわクリニック,5900079,新町5-10 5F,,072-232-8751,270079,0,0,0,1,1,1,0,0,0,1,0,1243,27,
吉本婦人科クリニック,5640082,片山町1-3-5,シルバーマンションII 2階,06-6337-0260,270080,0,0,0,1,1,0,0,0,0,0,0,1253,27,
なかむらレディースクリニック,5640051,豊津町13-45,第三暁ビル,06-6378-7333,270081,0,0,0,1,1,1,4,0,0,0,1,1253,27,
岡本クリニック,5580004,長居東3-4-28,,06-6696-0201,270082,0,0,0,1,1,1,0,0,0,0,0,1233,27,
オーク住吉産婦人科,5570045,玉出西2-7-9,,0120-009-345,270084,0,0,0,1,1,1,7,0,0,0,1,1235,27,
西川婦人科内科クリニック,5410051,備後町4-1-3,御堂筋三井ビル1F,06-6201-0317,270087,0,0,0,1,1,1,0,1,0,0,0,1241,27,
脇本産婦人科,5430012,空堀町1-19,,06-6761-5537,270088,0,0,0,1,1,1,0,0,0,0,0,1224,27,
小林産婦人科,5740046,赤井2-2-20,,072-872-0268,270089,0,0,0,1,1,1,0,0,0,0,0,1266,27,
越田クリニック,5300017,角田町1-12,阪急ファイブアネックス3F,06-6316-6090,270090,0,0,0,1,1,1,0,0,0,0,0,1240,27,
大阪NewARTクリニック,5300001,梅田2-6-20,パシフィックマークス西梅田 10F,06-6341-1556,270091,0,0,0,1,1,1,0,0,0,0,0,1240,27,
うめだファティリティークリニック,531-0072,豊崎3-17-6,,06-6371-0363,270093,0,0,0,1,1,1,0,0,0,0,1,1240,27,
IVF大阪クリニック,577-0012,長田東1-1-14,,06-4308-8824,270094,0,0,0,1,1,1,4,0,0,1,1,1275,27,
たまごクリニック,561-0801,曽根西町1-9-20,,06-4865-7017,270098,0,0,0,1,1,1,0,0,0,0,0,1251,27,
イワサレディースクリニックセントマリー不妊センター,5730086,香里園町9-22,,72831666,270100,0,0,0,0,0,0,0,1,0,0,0,1258,27,
大阪国際がんセンター,541-8567,大手前3-1-69,,06-6945-1181,270101,1,1,0,0,0,0,0,0,0,0,0,1241,27,
オークなんばレディースクリニック,556-0011,難波中2-10-70,パークスタワー 8階,0120-009-345,270103,0,0,0,1,1,1,0,0,0,0,0,1225,27,
IVFなんばクリニック,550-0015,南堀江1-17-28,,06-6534-8824,270104,0,0,0,1,1,1,4,0,0,1,1,1221,27,
ルナレディースクリニック,590-0951,市之町西3-1-43,T&Nビル2F,0120-776-778,270105,0,0,0,1,1,1,0,0,0,0,0,1243,27,
なかもず河田クリニック,閉院,,,,270106,0,0,0,1,1,1,0,0,0,0,0,,27,
府中のぞみクリニック,594-0071,府中町2-1-3,南海和泉府中ビル1F,0725-40-5033,270107,0,0,0,1,1,1,7,0,0,0,0,1267,27,
扇町ARTレディースクリニック,530-0026,北区神山町1-7,アーバネックス神山町ビル5F,06-6311-2511,270108,0,0,0,1,1,1,0,0,0,0,0,1240,27,
天の川レディースクリニック,576-0041,私部西2-3-15,,072-892-1124,270109,0,0,0,1,1,1,0,0,0,0,0,1278,27,
関西医科大学総合医療センター,570-8507,文園町10-15,,06-6992-1001,270111,1,1,1,0,0,0,0,0,0,0,0,1257,27,
市立柏原病院,582-0005,法善寺1-7-9,,072-972-0885,270112,1,0,0,0,0,0,0,0,0,0,0,1269,27,
奥田産婦人科,567-0815,竹橋町15-8,,072-622-5253,270113,0,0,0,1,1,1,0,0,0,0,0,1259,27,
レディースクリニックかたかみ,532-0011,西中島1-11-23,,06-6100-2525,270114,0,0,0,1,1,1,0,0,0,0,0,1236,27,
レディースクリニック北浜,541-0043,高麗橋1-7-3,The Kitahama PLAZA 3F,06-6202-8739,270116,0,0,0,1,1,1,0,0,0,0,0,1241,27,
園田桃代ARTクリニック,560-0082,新千里東町1-5-3,千里朝日阪急ビル 3F,06-6155-1511,270117,0,0,0,1,1,1,0,0,0,0,1,1251,27,
後藤レディースクリニック,569-1116,白梅町4-13,ジオ高槻ミューズEX 5F,072-683-8510,270118,0,0,0,1,1,1,0,0,0,0,1,1255,27,
てらにしレディースクリニック,589-0008,池尻自由丘1-2-1,,072-367-0666,270119,0,0,0,1,1,1,0,0,0,0,0,1279,27,
春木レディースクリニック,542-0081,南船場3-12-9,心斎橋プラザビル東館 8F,06-6281-9000,270120,0,0,0,1,1,1,0,0,0,0,0,1241,27,
リプロダクションクリニック大阪,530-0011,大深町4-20,グランフロント大阪タワーA 15F,06-6136-3344,270121,0,0,0,1,1,1,0,0,0,0,0,1240,27,
レオゲートタワーレディースクリニック,598-0048,りんくう往来北1,りんくうゲートタワービル 18F,072-460-2800,270122,0,0,0,1,1,1,0,0,0,0,0,1261,27,
イワサクリニック香里診療所セントマリー不妊センター,573-0086,香里園町9-22,,072-831-1666,270123,0,0,0,1,1,0,0,0,0,0,0,1258,27,
HORACグランフロント大阪クリニック,530-0011,大深町3-1,グランフロント大阪 タワーB 15F,06-6377-8824,270124,0,0,0,1,1,1,7,0,0,1,1,1240,27,
ひらかたARTクリニック,573-0027,大垣内町2-17-13,枚方洛元ビル3F･4F,072-804-4124,270127,0,0,0,1,1,1,0,0,0,0,0,1258,27,
KAWAレディースクリニック,590-0116,若松台3-2-3,,072−297−2700,270128,0,0,0,1,1,1,0,0,0,0,0,1247,27,
ウイメンズクリニック本町,541-0057,北久宝寺町3-6-1,本町南ガーデンシティ 8階,06-6251-8686,270129,0,0,0,1,1,1,0,0,0,0,0,1241,27,
箕面市立病院,562-0014,萱野5-7-1,,072-728-2001,270130,0,1,0,0,0,0,0,0,0,0,0,1268,27,
関西電力病院,553-0003,福島2-1-7,,06-6458-5821,270131,0,1,0,0,0,0,0,0,0,0,0,1219,27,
住友病院,530-0005,中之島5-3-20,,06-6443-1261,270132,0,1,0,0,0,0,0,0,0,0,0,1240,27,
神戸大学,650-0017,楠町7-5-2,,078-382-5111,280001,1,1,1,0,0,0,0,0,0,0,0,1299,28,
神戸市立医療センター中央市民病院,650-0047,港島南町2-1-1,,078-302-4321,280002,1,1,1,0,0,0,0,0,0,0,0,1299,28,
済生会兵庫県病院,651-1302,藤原台中町5-1-1,,078-987-2222,280005,0,0,1,0,0,0,0,0,0,0,0,1298,28,
西神戸医療センター,651-2273,糀台5-7-1,,078-997-2200,280006,1,1,1,0,0,0,0,0,0,0,0,1300,28,
兵庫県立こども病院周産期医療センター,6500047,港島南町1-6-7,,078-945-7300,280009,1,0,1,0,0,0,0,0,0,0,0,1299,28,
神戸医療センター,654-0155,西落合3-1-1,,078-791-0111,280010,1,1,1,0,0,0,0,0,0,0,0,1296,28,
兵庫県立淡路医療センター,656-0021,塩屋1-1-137,,0799-22-1200,280012,1,1,1,0,0,0,0,0,0,0,0,1305,28,
関西労災病院,660-8511,稲葉荘3-1-69,,06-6416-1221,280015,1,1,1,0,0,0,0,0,0,0,0,1302,28,
兵庫県立尼崎総合医療センター,660-8550,東難波町2-17-77,,06-6480-7000,280016,1,1,1,0,0,0,0,0,0,0,0,1302,28,
兵庫県立西宮病院,662-0918,六湛寺町13-9,,0798-34-5151,280018,1,1,1,0,0,0,0,0,0,0,0,1304,28,
明和病院,663-8186,上鳴尾町4-31,,0798-47-1767,280020,1,1,1,0,0,0,0,0,0,0,0,1304,28,
兵庫医科大学,663-8501,武庫川町1-1,,0798-45-6111,280021,1,1,1,1,1,1,7,0,0,0,1,1304,28,
近畿中央病院,664-8533,車塚3-1,,072-781-3712,280023,0,0,0,1,1,1,0,0,0,0,0,1307,28,
市立伊丹病院,664-8540,昆陽池1-100,,072-777-3773,280024,1,0,0,0,0,0,0,0,0,0,0,1307,28,
公立豊岡病院,668-8501,戸牧1094,,0796-22-6111,280028,1,1,0,0,0,0,0,0,0,0,0,1309,28,
兵庫県立柏原病院,669-3495,氷上町石生2002-7,,0795-88-5200,280029,1,0,0,0,0,0,0,0,0,0,0,1322,28,
姫路赤十字病院,670-8540,下手野1-12-1,,079-294-2251,280030,1,1,1,0,0,0,0,0,0,0,0,1301,28,
兵庫県立がんセンター,673-8558,北王子町13-70,,078-929-1151,280033,1,1,0,0,0,0,0,0,0,0,0,1303,28,
加古川中央市民病院,675−8611,加古川町本町439,,079-451-5500,280034,1,0,1,0,0,0,0,0,0,0,0,1310,28,
赤穂市民病院,678-0232,中広1090,,0791-43-3222,280037,1,0,0,0,0,0,0,0,0,0,0,1311,28,
赤穂中央病院,678-0241,惣門町52-6,,0791-45-1111,280038,0,0,0,1,1,1,0,0,0,0,0,1311,28,
明石医療センター,674-0063,大久保町八木743-33,,078-936-1101,280040,1,1,1,0,0,0,0,0,0,0,0,1303,28,
三田市民病院,669-1321,けやき台3-1-1,,079-565-8000,280041,1,0,0,0,0,0,0,0,0,0,0,1318,28,
シオタニレディースクリニック,669-1529,中央町10-10,中央第1ビル 3階,079-561-3500,280044,0,0,0,1,1,1,0,0,0,0,0,1318,28,
小野レディースクリニック,675-1375,西本町538-3,,0794-62-1103,280045,0,0,0,1,1,1,0,0,0,0,0,1317,28,
久保みずきレディースクリニック菅原記念診療所,651－2277,美賀多台3-13-8,,078－961－3333,280049,0,0,0,1,1,1,0,0,0,0,0,1300,28,
山下レディースクリニック,651-0086,磯上通7-1-8,三宮プラザWEST,078-265-6475,280050,0,0,0,1,1,1,0,0,0,0,1,1299,28,
スギモトレディースクリニック,662-0832,甲風園1-12-5,,0120-640-325,280052,0,0,0,1,1,1,0,0,0,0,0,1304,28,
徐クリニック,662-0822,松籟荘10-25,,0798-54-8551,280053,0,0,0,1,1,1,0,0,0,0,0,1304,28,
福田産婦人科麻酔科,678-0239,加里屋30-9,,0791-43-5357,280054,0,0,0,1,1,1,0,0,0,0,0,1311,28,
西川産婦人科,671-0253,花田町一本松165-1,,079-253-2195,280056,0,0,0,1,1,1,0,0,0,0,0,1301,28,
親愛産婦人科,671-1253,網干区垣内中町260,,079-271-6666,280057,0,0,0,1,1,1,0,0,0,0,0,1301,28,
兵庫医科大学ささやま医療センター,669-2321,黒岡5,,079-552-1181,280063,0,0,1,0,0,0,0,0,0,0,0,1320,28,
レディースクリニックごとう,656-0121,山添280-2,,0799-45-1131,280064,0,0,0,1,1,1,0,0,0,0,0,1323,28,
すずきレディースクリニック,662-0973,田中町3-1-202,,0798-39-0555,280065,0,0,0,1,1,1,0,0,0,0,0,1304,28,
小原ウイメンズクリニック,665-0881,山本東2-8-25,,0797-82-1211,280066,0,0,0,1,1,1,0,0,0,0,0,1313,28,
Kobaレディースクリニック,670－0935,条口2-18,宮本ビル 1F,079-223-4924,280067,0,0,0,1,1,1,0,0,0,0,0,1301,28,
英ウィメンズクリニック,650-0021,三宮町1-1-2,三宮セントラルビル 2･7･8階,078-392-8723,280068,0,0,0,1,1,1,0,0,0,1,1,1299,28,
神戸アドベンチスト病院,651-1321,有野台8-4-1,,078-981-0161,280070,1,1,1,1,1,1,0,0,0,0,0,1298,28,
親愛レディースクリニック,675-0065,加古川町篠原町50,,079-421-5511,280071,0,0,0,1,1,1,0,0,0,0,0,1310,28,
くぼたレディースクリニック,658-0051,住吉本町1-7-2 石橋ﾋﾞﾙ4F,,078-843-3261,280072,0,0,0,1,1,1,0,0,0,0,0,1292,28,
神戸赤十字病院,651-0073,脇浜海岸通1-3-1,,078-231-6006,280074,0,1,0,0,0,0,0,0,0,0,0,1299,28,
博愛産科婦人科,674-0094,二見町450-5,,078-941-8803,280076,0,0,0,1,1,1,0,0,0,0,0,1303,28,
ベリタス病院,666-0125,新田1-2-23,,072-793-7890,280078,0,0,0,1,1,1,0,0,0,0,0,1316,28,
レディースクリニックTaya,664-0846,1-10-14,アリオ1 2F,072-771-7717,280079,0,0,0,1,1,1,0,0,0,0,0,1307,28,
神戸元町夢クリニック,650-0037,44,神戸御幸ビル 3階,078-325-2121,280081,0,0,0,1,1,1,0,0,0,0,1,1299,28,
0.3,？上の英とどっちがどっち,,,078-261-3500,280082,0,0,0,1,1,1,7,0,0,0,0,,28,
第2大谷レディスクリニック,651-0096,雲井通7-1-1,ミント神戸 15F,078-261-3500,280083,0,0,0,1,1,1,0,0,0,0,0,1299,28,
中村レディースクリニック,651-2131,持子3-60-1,,078-925-4103,280084,0,0,0,1,1,1,0,0,0,0,0,1300,28,
中林産婦人科クリニック,670-0808,白国1-3-30,,079-282-6581,280085,0,0,0,1,1,1,0,0,0,0,0,1301,28,
オガタファミリークリニック,659-0094,松ノ内町2-3,エウルビル2F･3F,0797-25-2213,280086,0,0,0,1,1,1,0,0,0,0,1,1306,28,
医療法人社団サンタクルスチャイルド＆レディースクリニック　サンタクルス　ザ　シュクガワ,665-0844,武庫川町6-22,The TAKARAZUKATERRACE 3～7F,0797-83-1188,280087,0,0,0,1,1,1,0,0,0,0,0,1313,28,
市立奈良病院,630-8305,東紀寺町1-50-1,,0742-24-1251,290002,1,1,1,0,0,0,0,0,0,0,0,1341,29,
奈良県総合医療センター,630-8581,七条西町2-897-5,,0742-46-6001,290003,1,1,1,0,0,0,0,0,0,0,0,1341,29,
天理よろづ相談所病院,632-8552,三島町200,,0743-63-5611,290004,1,1,1,0,0,0,0,0,0,0,0,1344,29,
奈良県立医科大学,634-8522,四条町840,,0744-22-3051,290007,1,1,1,0,0,0,0,0,0,0,0,1345,29,
奈良県西和医療センター,636－0802,三室1-14-16,,0745-32-0505,290009,0,1,0,0,0,0,0,0,0,0,0,1355,29,
大和郡山病院,639-1013,朝日町1-62,,0743-53-1111,290010,1,0,0,0,0,0,0,0,0,0,0,1343,29,
近畿大学奈良病院,630-0293,乙田町1248-1,,0743-77-0880,290011,1,1,1,0,0,0,0,0,0,0,0,1349,29,
赤崎クリニック,633-0053,谷111,,0744-43-2468,290012,0,0,0,1,1,1,0,0,0,0,0,1346,29,
SACRAレディースクリニック,634-0803,上品寺町528,,0744-23-1199,290013,0,0,0,1,1,1,0,0,0,0,0,1345,29,
ASKAレディース・クリニック,631-0001,北登美ヶ丘3-3-17,,0742-51-7717,290015,0,0,0,1,1,1,0,0,0,0,0,1341,29,
好川婦人科クリニック,630-0258,東新町4-20,石丸ビル 1階,0743-75-8600,290016,0,0,0,1,1,1,0,0,0,0,0,1349,29,
久永婦人科クリニック,631-0821,西大寺東町2-1-63,サンワシティ西大寺 3F,0742-32-5505,290017,0,0,0,1,1,1,0,0,0,0,0,1341,29,
大和高田市立病院,635-8501,礒野北町1-1,,0745-53-2901,290019,1,1,0,0,0,0,0,0,0,0,0,1342,29,
三橋仁美レディースクリニック,639-1142,矢田町通19,,0743-51-1135,290020,0,0,0,1,1,1,0,0,0,0,0,1343,29,
和歌山ろうさい病院,640-8505,木ノ本93-1,,073-451-3181,300001,1,1,1,0,0,0,0,0,0,0,0,1380,30,
日本赤十字社和歌山医療センター,640-8558,小松原通4-20,,073-422-4171,300002,1,1,1,1,1,1,0,0,0,0,0,1380,30,
和歌山県立医科大学,641-8510,紀三井寺811-1,,073-447-2300,300003,1,1,1,0,0,0,0,0,0,0,0,1380,30,
ひだか病院,644-0002,薗116-2,,0738-22-1111,300004,1,0,0,0,0,0,0,0,0,0,0,1384,30,
紀南病院,646-8588,新庄町46-の70,,0739-22-5000,300007,1,0,0,0,0,0,0,0,0,0,0,1385,30,
公立那賀病院,649-6414,打田1282,,0736-77-2019,300008,1,0,0,0,0,0,0,0,0,0,0,1387,30,
岩橋医院,640-1121,下佐々268,,073-489-2150,300010,0,0,0,1,1,1,0,0,0,0,0,1389,30,
橋本市民病院,648-0005,小峰台2-8-の1,,0736-37-1200,300014,1,0,0,0,0,0,0,0,0,0,0,1382,30,
奥村レディースクリニック,648-0072,東家4-17-13,,0736-32-8511,300015,0,0,0,1,1,1,0,0,0,0,0,1382,30,
うつのみやレディースクリニック,640-8331,美園町5-4-20,,073-423-1987,300016,0,0,0,1,1,1,4,0,1,0,1,1380,30,
鳥取県立中央病院,680-0901,江津730,,0857-26-2271,310001,1,1,1,1,1,1,4,0,0,0,0,1410,31,
鳥取県立厚生病院,682-0804,東昭和町150,,0858-22-8181,310005,1,1,1,0,0,0,0,0,0,0,0,1412,31,
鳥取大学,683-8504,西町36-1,,0859-33-1111,310007,1,1,1,1,1,1,0,0,0,0,0,1411,31,
田口IVFレディースクリニック,680-0003,覚寺63-6,,0857-39-2121,310009,0,0,0,1,1,1,0,0,0,0,0,1410,31,
ミオ・ファティリティ・クリニック,683-0008,車尾南2-1-1,,0859-35-5211,310010,0,0,0,1,1,1,4,0,0,1,1,1411,31,
彦名レディスライフクリニック,683-0854,彦名町2856-3,,0859-29-0159,310011,0,0,0,1,1,1,0,0,0,0,0,1411,31,
松江赤十字病院,690-8506,母衣町200,,0852-24-2111,320001,1,1,1,0,0,0,0,0,0,0,0,1429,32,
松江市立病院,690-8509,乃白町32-1,,0852-60-8000,320002,1,1,0,0,0,0,0,0,0,0,0,1429,32,
島根大学,693-8501,塩冶町89-1,,0853-23-2111,320003,1,1,1,1,1,1,7,0,0,0,0,1431,32,
島根県立中央病院,693-8555,姫原4-1-1,,0853-22-5111,320004,1,1,1,1,1,1,4,0,0,0,0,1431,32,
内田クリニック,690-0044,浜乃木2-6-13,,0852-55-2880,320010,0,0,0,1,1,1,0,0,0,0,0,1429,32,
浜田医療センター,697-8511,浅井町777-12,,0855-25-0505,320015,1,0,0,0,0,0,0,0,0,0,0,1430,32,
八重垣レディースクリニック,699-0111,東出雲町意宇南5-4-2,,0852-52-7790,320016,0,0,0,1,1,1,0,0,0,0,0,1429,32,
岡山中央病院,700-0017,伊島北町6-3,,086-252-3221,330001,1,1,0,0,0,0,0,0,0,0,0,1449,33,
岡山赤十字病院,700-8607,青江2-1-1,,086-222-8811,330002,1,1,1,0,0,0,0,0,0,0,0,1449,33,
川崎医科大学総合医療センター,700-8505,中山下2-6-1,,086-225-2111,330003,1,1,1,0,0,0,0,0,0,0,0,1449,33,
岡山済生会総合病院附属外来センター,700-8511,国体町2-25,,086-252-2211,330004,1,1,0,0,0,0,0,0,0,0,0,1449,33,
岡山市立市民病院,700-8557,北長瀬表町3-20-1,,086-737-3000,330005,0,0,1,0,0,0,0,0,0,0,0,1449,33,
岡山大学,700-8558,鹿田町2-5-1,,086-223-7151,330006,1,1,1,1,1,1,7,0,0,0,0,1449,33,
岡山医療センター,701-1192,田益1711-1,,086-294-9911,330007,1,1,1,0,0,0,0,0,0,0,0,1449,33,
倉敷中央病院,710-8602,美和1-1-1,,086-422-0210,330008,1,1,1,1,1,1,0,0,0,0,0,1453,33,
川崎医科大学,701-0192,松島577,,086-462-1111,330009,1,1,0,0,0,0,0,0,0,0,0,1453,33,
倉敷成人病センター,710-8522,白楽町250,,086-422-2111,330010,1,1,1,1,1,1,0,0,0,0,0,1453,33,
ペリネイト母と子の病院,703-8263,倉益203-1,,086-276-8811,330012,0,0,0,1,1,1,0,0,0,0,0,1450,33,
三宅医院生殖医療センター,701-0204,大福369-8,,086-282-5100,330013,0,0,0,1,1,1,0,0,1,0,0,1452,33,
岡山二人クリニック,701－1152,津高285-1,,086-256-7717,330014,0,0,0,1,1,1,4,0,1,1,1,1449,33,
岡南産婦人科医院,702-8043,平福2-6-43,,086-264-3366,330015,0,0,0,1,1,1,0,0,0,0,0,1452,33,
赤堀病院,708-0051,椿高下33,,0868-24-1212,330016,0,0,0,1,1,1,0,0,0,0,0,1454,33,
津山中央病院,708-0841,川崎1756,,0868-21-8111,330017,1,1,1,0,0,0,0,0,0,0,0,1454,33,
名越産婦人科,701-0153,庭瀬231-2,,086-293-0553,330020,0,0,0,1,1,1,0,0,0,0,1,1449,33,
福山医療センター,7208520,沖野上町4-14-17,,084-922-0001,340001,1,1,1,0,0,0,0,0,0,0,0,1492,34,
尾道総合病院,7228508,平原1-10-23,,0848-22-8111,340002,1,1,1,0,0,0,0,0,0,0,0,1491,34,
市立三次中央病院,7288502,東酒屋町10531,,0824-65-0101,340004,1,1,1,0,0,0,0,0,0,0,0,1494,34,
中電病院,7308562,大手町3-4-27,,082-241-8221,340005,0,0,1,0,0,0,0,0,0,0,0,1480,34,
広島市立広島市民病院,7308518,基町7-33,,082-221-2291,340007,1,1,1,0,0,0,0,0,0,0,0,1480,34,
広島赤十字・原爆病院,7308619,千田町1-9-6,,082-241-3111,340008,1,1,1,0,0,0,0,0,0,0,0,1480,34,
土谷総合病院,7300811,中島町3-30,,082-243-9191,340009,1,0,1,0,0,0,0,0,0,0,0,1480,34,
広島市立安佐市民病院,7310293,可部南2-1-1,,082-815-5211,340010,1,1,1,0,0,0,0,0,0,0,0,1485,34,
広島大学,7348551,霞1-2-3,,082-257-5555,340012,1,1,1,0,0,0,0,0,0,0,0,1482,34,
広島県立広島病院,7348530,宇品神田1-5--54,,082-254-1818,340014,1,1,1,1,1,1,7,0,0,0,1,1482,34,
呉医療センター・中国がんセンター,7370023,青山町3-1,,0823-22-3111,340015,1,1,1,0,0,0,0,0,0,0,0,1488,34,
中国労災病院,737-0193,広多賀谷1-5-1,,0823-72-7171,340016,1,1,1,0,0,0,0,0,0,0,0,1488,34,
広島総合病院,738-8503,地御前1-3-3,,0829-36-3111,340018,1,1,1,0,0,0,0,0,0,0,0,1498,34,
絹谷産婦人科,730-0035,本通8-23,本通ヒルズ 4階,082-247-6399,340023,0,0,0,1,1,1,4,0,1,1,1,1480,34,
広島HARTクリニック,732-0822,松原町3-1-0301,,082-567-3866,340024,0,0,0,1,1,1,4,0,0,1,1,1482,34,
竹中産婦人科クリニック,7300017,鉄砲町9-10,湯浅ビル 2F,082-502-8212,340025,0,0,0,1,1,1,0,0,0,0,0,1480,34,
幸の鳥レディスクリニック,7210907,春日町1-7-14,,084-940-1717,340028,0,0,0,1,1,1,0,0,0,0,0,1492,34,
東広島医療センター,7390041,西条町寺家513,,082-423-2176,340031,1,1,1,0,0,0,0,0,0,0,0,1497,34,
香月産婦人科,7330812,己斐本町2-14-24,,082-546-2555,340032,0,0,0,1,1,1,0,0,0,0,0,1483,34,
よしだレディースクリニック内科・小児科,7210955,新涯町3-19-36,,084－954－0341,340033,0,0,0,1,1,1,4,0,0,0,0,1492,34,
笠岡レディースクリニック,7370811,中央1-3-9,呉信愛ビル 5F,0823-23-2828,340034,0,0,0,1,1,1,0,0,0,0,0,1488,34,
中国中央病院,7200001,御幸町大字上岩成148-13,,084-970-2121,340035,1,0,0,0,0,0,0,0,0,0,0,1492,34,
福山市民病院,7218511,蔵王町5-23-1,,084-941-5151,340037,1,1,0,0,0,0,0,0,0,0,0,1492,34,
IVFクリニックひろしま,7320822,松原町5-1,BIG FRONTひろしま 4F,082-264-1131,340038,0,0,0,1,1,1,0,0,0,0,1,1482,34,
広島中央通り 香月産婦人科,7300029,三川町7-1,香月メディカルビル 5-8F,082-546-2555,340039,0,0,0,1,1,1,0,0,0,0,1,1480,34,
岩国医療センター,7408510,愛宕町1-1-1,,0827-34-1000,350001,1,1,1,0,0,0,0,0,0,0,0,1516,35,
徳山中央病院,7458522,孝田町1-1,,0834-28-4411,350003,1,1,1,1,1,1,0,0,0,0,0,1521,35,
山陽小野田市民病院,7560094,大字東高泊1863-1,,0836-83-2355,350004,1,0,0,0,0,0,0,0,0,0,0,1522,35,
山口県立総合医療センター,7478511,大字大崎10077,,0835-22-4411,350005,1,1,1,1,1,1,7,0,0,0,0,1514,35,
関門医療センター,752-8510,長府外浦町1-1,,083-241-1199,350006,0,0,0,1,1,0,0,0,0,0,0,1510,35,
山口県済生会下関総合病院,7596603,安岡町8-5-1,,083-262-2300,350007,1,1,1,1,1,1,2,0,0,0,0,1510,35,
山口赤十字病院,7538519,八幡馬場53-1,,083-923-0111,350008,1,1,1,0,0,0,0,0,0,0,0,1512,35,
山口大学,755-8505,南小串1-1-1,,0836-22-2111,350009,1,1,1,1,1,1,0,0,0,0,0,1511,35,
山下ウィメンズクリニック,7440075,瑞穂町1-6-10,,0833-48-0211,350013,0,0,0,1,1,1,0,0,0,0,0,1515,35,
新山口こうのとりクリニック,7540022,小郡花園町1-9,,083-902-8585,350014,0,0,0,1,1,1,0,0,0,0,0,1512,35,
徳島市民病院,770-0812,北常三島町2-34,,088-622-5121,360002,1,1,0,0,0,0,0,0,0,0,0,1529,36,
徳島大学,770-8503,蔵本町2-50-1,,088-631-3111,360003,1,1,1,1,1,1,7,0,0,0,0,1529,36,
徳島県立中央病院,770-8539,蔵本町1-10-3,,088-631-7151,360005,1,1,0,0,0,0,0,0,0,0,0,1529,36,
徳島県鳴門病院,7728503,撫養町黒崎小谷32,,088-683-0011,360007,1,0,0,0,0,0,0,0,0,0,0,1530,36,
徳島赤十字病院,773-8502,小松島町字井利ノ口103,,0885-32-2555,360008,1,0,0,0,0,0,0,0,0,0,0,1531,36,
つるぎ町立半田病院,779-4401,半田字中藪234-1,,0883-64-3145,360012,1,0,0,0,0,0,0,0,0,0,0,1551,36,
中山産婦人科,771-1221,東中富字長江傍示5-6,,088-692-0333,360013,0,0,0,1,1,1,0,0,0,0,0,1548,36,
恵愛レディースクリニック,7700023,佐古三番町4-6,,088-653-1201,360014,0,0,0,1,1,1,0,0,0,0,0,1529,36,
高松赤十字病院,7600017,番町4-1-3,,087-831-7101,370001,1,1,1,1,1,1,0,0,0,0,0,1553,37,
高松市立みんなの病院,7618538,仏生山町甲847-1,,087-813-7171,370002,0,1,0,1,1,1,0,0,0,0,0,1553,37,
香川県立中央病院,7608557,朝日町1-2-1,,087-811-3333,370003,1,1,1,0,0,0,0,0,0,0,0,1553,37,
香川大学,7610793,大字池戸1750-1,,087-898-5111,370005,1,1,1,0,0,0,0,0,0,0,0,1563,37,
回生病院,7620007,室町3-5-28,,0877-46-1011,370006,1,0,0,0,0,0,0,0,0,0,0,1555,37,
厚仁病院,7630043,通町133,,0877-23-2311,370009,0,0,0,1,1,1,0,0,0,0,1,1554,37,
恵生産婦人科医院,7600073,栗林町1-6-21,,087-833-1533,370010,0,0,0,1,1,1,0,0,0,0,0,1553,37,
安藤レディースクリニック,7618075,多肥下町1524-14,,087-815-2833,370011,0,0,0,1,1,0,0,0,0,0,0,1553,37,
香川労災病院,7638502,城東町3-3-1,,0877-23-3111,370015,0,1,0,0,0,0,0,0,0,0,0,1554,37,
四国こどもとおとなの医療センター,7658507,仙遊町2-1-1,,0877-62-1000,370016,1,0,1,1,1,1,0,0,0,0,0,1556,37,
三豊総合病院,7691695,豊浜町姫浜708,,0875-52-3366,370017,1,0,0,0,0,0,0,0,0,0,0,1557,37,
よつばウィメンズクリニック,7618044,円座町375-1,,087-885-4103,370018,0,0,0,1,1,1,0,0,0,0,0,1553,37,
四国がんセンター,791-0280,南梅本町甲160,,089-999-1111,380001,1,1,0,0,0,0,0,0,0,0,0,1570,38,
愛媛県立中央病院,7900024,春日町83,,089-947-1111,380002,1,1,1,0,0,0,0,0,0,0,0,1570,38,
NTT西日本松山病院,7900802,喜与町1-7-1,,089-936-2461,380004,1,0,0,0,0,0,0,0,0,0,0,1570,38,
松山赤十字病院,7908524,文京町1,,089-924-1111,380005,1,1,1,0,0,0,0,0,0,0,0,1570,38,
愛媛大学,7910295,志津川454,,089-964-5111,380006,1,1,1,1,1,1,0,0,0,0,0,1580,38,
愛媛県立今治病院,794-0006,石井町4-5-5,,0898-32-7111,380008,1,0,1,0,0,0,0,0,0,0,0,1571,38,
市立宇和島病院,7988510,御殿町1-1,,0895-25-1111,380009,1,0,1,0,0,0,0,0,0,0,0,1572,38,
矢野産婦人科,7900872,昭和町72-1,,089-921-6507,380011,0,0,0,1,1,1,4,0,0,0,0,1570,38,
福井ウィメンズクリニック,7900922,星岡4-2-7,,089-969-0088,380012,0,0,0,1,1,1,0,0,0,0,0,1570,38,
愛媛労災病院,7928550,南小松原町13-27,,0897-33-6191,380014,1,1,0,1,1,1,0,0,0,0,0,1574,38,
こにしクリニック,7920811,庄内町1-13-35,,0897-33-1135,380015,0,0,0,1,1,1,0,0,0,0,0,1574,38,
梅岡レディースクリニック,7900052,竹原町1-3-5,,089-943-2421,380016,0,0,0,1,1,0,0,0,0,0,0,1570,38,
四国中央病院,7990193,川之江町2233,,0896-58-3515,380017,1,0,0,0,0,0,0,0,0,0,0,1578,38,
ハートレディースクリニック,7910216,野田2-100-1,,089-955-0082,380018,0,0,0,1,1,1,0,0,0,0,0,1580,38,
愛媛県立新居浜病院,7920042,本郷3-1-1,,0897-43-6161,380019,1,0,1,0,0,0,0,0,0,0,0,1574,38,
つばきウイメンズクリニック,7911104,北土居5-11-7,,089-905-1122,380020,0,0,0,1,1,1,0,0,0,1,1,1570,38,
高知赤十字病院,7808562,秦南町1-4-63-11,,088-822-1201,390001,1,0,0,0,0,0,0,0,0,0,0,1590,39,
高知大学,7838505,岡豊町小蓮185-1,,088-866-5811,390006,1,1,1,1,1,1,0,0,0,0,0,1593,39,
高知県立幡多けんみん病院,7880785,山奈町芳奈3-1,,0880-66-2222,390007,1,0,0,0,0,0,0,0,0,0,0,1596,39,
レディスクリニックコスモス,7800072,杉井流6-27,,088-861-6700,390009,0,0,0,1,1,1,4,0,0,0,0,1590,39,
高知医療センター,7818555,池2125-1,,088-837-3000,390011,1,1,1,1,1,1,0,0,0,0,0,1590,39,
九州労災病院,8000296,曽根北町1-1,,093-471-1121,400001,0,1,0,0,0,0,0,0,0,0,0,1629,40,
北九州市立医療センター,8020077,馬借2-1-1,,093-541-1831,400002,1,1,1,0,0,0,0,0,0,0,0,1628,40,
小倉医療センター,8028533,春ケ丘10-1,,093-921-8881,400003,1,1,1,0,0,0,0,0,0,0,0,1629,40,
九州病院,8068501,岸の浦1-8-1,,093-641-5111,400007,1,1,1,0,0,0,0,0,0,0,0,1631,40,
産業医科大学,807-8556,生ヶ丘1-1,,093-603-1611,400008,1,1,1,0,0,0,0,0,0,0,0,1631,40,
浜の町病院,8108539,長浜3-3-1,,092-721-0831,400009,1,1,1,1,1,1,0,0,0,0,0,1635,40,
九州医療センター,810-8563,地行浜1-8-1,,092-852-0700,400010,1,1,1,0,0,0,0,0,0,0,0,1635,40,
九州大学,8128582,馬出3-1-1,,092-641-1151,400012,1,1,1,1,1,1,4,0,0,0,0,1633,40,
福岡大学,8140180,七隈7-45-1,,092-801-1011,400013,1,1,1,0,0,0,0,0,0,0,0,1638,40,
福岡赤十字病院,8158555,大楠3-1-1,,092-521-1211,400014,1,1,1,0,0,0,0,0,0,0,0,1636,40,
福岡徳洲会病院,8160864,須玖北4-5,,092-573-6622,400016,0,1,1,0,0,0,0,0,0,0,0,1654,40,
飯塚病院,8208505,芳雄町3-83,,094-822-3800,400017,1,1,1,0,0,0,0,0,0,0,0,1643,40,
田川市立病院,8258567,大字糒1700-2,,0947-44-2100,400018,1,0,0,0,0,0,0,0,0,0,0,1644,40,
久留米大学,8300011,旭町67,,0942-35-3311,400020,1,1,1,1,1,0,0,0,0,0,0,1641,40,
聖マリア病院,8308543,津福本町422,,0942-35-3322,400022,1,1,1,0,0,0,0,0,0,0,0,1641,40,
大牟田市立病院,8368567,宝坂町2-19-1,,0944-53-1061,400025,1,0,0,0,0,0,0,0,0,0,0,1640,40,
済生会福岡総合病院,8100001,天神1-3-46,,092-771-8151,400026,0,1,1,0,0,0,0,0,0,0,0,1635,40,
高木病院,8310016,大字酒見141-11,,0944-87-0001,400027,0,0,0,1,1,1,0,0,0,0,1,1648,40,
メディカルキューブ平井外科産婦人科,8360012,明治町3-8-7,,0944-54-3228,400028,0,0,0,1,1,1,0,0,0,0,0,1640,40,
中央レディスクリニック,8100001,天神2-4-38,NTT-KFビル 6F,092-736-3355,400029,0,0,0,1,1,1,0,0,0,0,0,1635,40,
アイブイエフ詠田クリニック,8100001,天神1-12-1,日之出福岡ビル 6Ｆ,092-735-6655,400030,0,0,0,1,1,1,4,0,1,1,1,1635,40,
蔵本ウイメンズクリニック,8120013,博多駅東1-1-19,,092-482-5558,400034,0,0,0,1,1,1,4,0,1,1,1,1634,40,
セントマザー産婦人科医院,8070825,折尾4-9-12,,093-601-2000,400036,0,0,0,1,1,1,0,1,0,1,1,1631,40,
九州がんセンター,8111395,野多目3-1-1,,092-541-3231,400040,1,1,0,0,0,0,0,0,0,0,0,1636,40,
石松ウイメンズクリニック,8000227,津田新町4-5-1,,093-474-6700,400042,0,0,0,1,1,1,0,0,0,0,0,1629,40,
婦人科永田おさむクリニック,8112317,長者原東3-8-2,,092-938-2209,400043,0,0,0,1,1,0,0,0,0,0,0,1673,40,
いでウイメンズクリニック,8300033,天神町4-1,実吉センタービル 8F,0942-33-1114,400044,0,0,0,1,1,1,0,0,0,0,0,1641,40,
古賀文敏ウイメンズクリニック,8100001,天神2-3-24,天神ルーチェ 5F,092-738-7711,400048,0,0,0,1,1,1,0,0,0,0,1,1635,40,
福岡山王病院,8140001,百道浜3-6-45,,092-832-1100,400049,1,0,0,1,1,1,0,0,0,0,1,1639,40,
福岡新水巻病院,8070051,立屋敷1-2-1,,093-203-2220,400050,1,0,0,0,0,0,0,0,0,0,0,1675,40,
ほりたレディースクリニック,8020002,京町3-1-1 B1,,093-513-4122,400051,0,0,0,1,1,1,0,0,0,0,0,1628,40,
福岡市立こども病院,8130017,香椎照葉5-1-1,,092-682-7000,400052,1,0,1,0,0,0,0,0,0,0,0,1633,40,
齋藤シーサイド・レディースクリニック,8070141,大字山鹿852-57,,093-701-8880,400053,0,0,0,1,1,1,0,0,0,0,0,1674,40,
井上善レディースクリニック,8100001,天神1-2-12,メットライフ天神ビル 6F,092-406-5302,400054,0,0,0,1,1,1,0,0,0,0,0,1635,40,
福岡東医療センター,811-3195,千鳥1-1-1,,092-943-2331,400055,0,0,0,1,1,1,0,0,0,0,0,1658,40,
小倉記念病院,8028555,浅野3-2-1,,093-511-2000,400056,0,1,0,0,0,0,0,0,0,0,0,1628,40,
佐賀県医療センター好生館,8408571,中原400,,0952-24-2171,410002,0,1,0,0,0,0,0,0,0,0,0,1698,41,
嬉野医療センター,8430393,嬉野町大字下宿甲4279-3,,0954-43-1120,410003,1,0,0,0,0,0,0,0,0,0,0,1706,41,
佐賀大学,8498501,鍋島5-1-1,,0952-31-6511,410005,1,1,1,0,0,0,0,0,0,0,0,1698,41,
佐賀病院,8498577,日の出1-20-1,,0952-30-7141,410006,1,0,1,0,0,0,0,0,0,0,0,1698,41,
おおくま産婦人科,8490921,高木瀬西2-10-5,,0952-31-6117,410007,0,0,0,1,1,1,0,0,0,0,0,1698,41,
谷口眼科婦人科,8430022,武雄町大字武雄385-2,,0954-23-3130,410008,0,0,0,1,1,1,0,0,0,0,0,1703,41,
長崎みなとメディカルセンター,8508555,新地町6-39,,095-822-3251,420001,1,1,1,0,0,0,0,0,0,0,0,1718,42,
長崎大学,8528501,坂本1-7-1,,095-819-7200,420002,1,1,1,1,1,1,7,0,0,0,0,1718,42,
日本赤十字社長崎原爆病院,852-8511,茂里町3-15,,095-847-1511,420003,0,1,0,0,0,0,0,0,0,0,0,1718,42,
諌早総合病院,8548501,永昌東町24-1,,0957-22-1380,420004,1,0,0,0,0,0,0,0,0,0,0,1721,42,
長崎医療センター,8568562,久原2-1001-1,,0957-52-3121,420005,1,1,1,0,0,0,0,0,0,0,0,1722,42,
佐世保共済病院,857-8575,島地町10-17,,0956-22-5136,420006,1,1,0,0,0,0,0,0,0,0,0,1719,42,
佐世保市総合医療センター,857-8511,平瀬町9-3,,0956-24-1515,420007,1,1,1,0,0,0,0,0,0,0,0,1719,42,
ART岡本ウーマンズクリニック,8500861,江戸町7-1,,095-820-2864,420009,0,0,0,1,1,1,4,0,1,1,1,1718,42,
みやむら女性のクリニック,8528108,川口町1-1,ビバシティ浦上 1F,095-849-5507,420012,0,0,0,1,1,0,0,0,0,0,0,1718,42,
済生会長崎病院,8500003,片淵2-5-1,,095-826-9236,420013,0,1,0,0,0,0,0,0,0,0,0,1718,42,
熊本医療センター,8600008,二の丸1-5,,096-353-6501,430001,1,1,0,0,0,0,0,0,0,0,0,1740,43,
熊本大学,8608556,本荘1-1-1,,096-344-2111,430002,1,1,1,1,1,1,4,0,0,0,0,1740,43,
熊本市民病院,8628505,東町4-1-60,,096-365-1711,430003,1,1,1,0,0,0,0,0,0,0,0,1741,43,
熊本赤十字病院,8618520,長嶺南2-1-1,,096-384-2111,430004,1,1,1,0,0,0,0,0,0,0,0,1739,43,
福田病院,8600004,新町2-2-6,,096-322-2995,430009,1,0,0,1,1,1,4,0,0,0,0,1740,43,
森川レディースクリニック,8620950,水前寺6-31-1,,096-381-4115,430010,0,0,0,1,1,0,0,0,0,0,0,1740,43,
伊井産婦人科病院,8620973,大江本町8-15,,096-364-4003,430011,0,0,0,1,1,1,0,0,0,0,0,1740,43,
片岡レディスクリニック,8660861,本町3-3-35,,0965-32-2344,430012,0,0,0,1,1,1,0,0,0,0,0,1745,43,
ART女性クリニック,8620955,神水本町25-18,,096−360−3670,430014,0,0,0,1,1,1,0,0,0,1,1,1739,43,
ソフィアレディースクリニック水道町,8600844,水道町9-5-1,,096-322-2996,430015,0,0,0,1,1,1,0,0,0,0,0,1740,43,
アルメイダ病院,8701195,大字宮崎1509-2,,097-569-3121,440001,1,0,1,0,0,0,0,0,0,0,0,1789,44,
大分県立病院,870-8511,大字豊饒476,,097-546-7111,440002,1,1,1,0,0,0,0,0,0,0,0,1789,44,
別府医療センター,8740011,大字内竈1473,,0977-67-1111,440003,1,1,1,0,0,0,0,0,0,0,0,1790,44,
大分大学,8795593,挾間町医大ヶ丘1-1,,097-549-4411,440005,1,1,1,1,1,1,4,0,0,0,0,1801,44,
セント・ルカ産婦人科,8700823,東大道1-4-5,,097-547-1234,440008,0,0,0,1,1,1,4,0,1,1,1,1789,44,
大川産婦人科・高砂,8700029,高砂町1-5,,097-532-1135,440009,0,0,0,1,1,1,0,0,0,0,0,1789,44,
市立中津市民病院,8718511,大字下池永173,,0979-22-2480,440010,1,0,1,0,0,0,0,0,0,0,0,1791,44,
宮崎県立宮崎病院,8808510,北高松町5-30,,0985-24-4181,450001,1,1,1,0,0,0,0,0,0,0,0,1807,45,
宮崎県立延岡病院,8820835,新小路2-1-10,,0982-32-6181,450002,1,0,1,0,0,0,0,0,0,0,0,1809,45,
都城医療センター,8850014,祝吉町5033-1,,0986-23-4111,450003,1,0,1,0,0,0,0,0,0,0,0,1808,45,
宮崎県立日南病院,8870013,木山1-9-5,,0987-23-3111,450004,1,0,1,0,0,0,0,0,0,0,0,1810,45,
宮崎大学,8891692,清武町木原5200,,0985-85-1510,450005,1,1,1,0,0,0,0,0,0,0,0,1807,45,
宮崎市郡医師会病院,8800834,新別府町船戸738-1,,0985-24-9119,450007,1,0,0,0,0,0,0,0,0,0,0,1807,45,
丸田病院,8850075,八幡町4-2,,0986-23-7060,450008,0,0,0,1,1,1,0,0,0,0,1,1808,45,
古賀総合病院,8800041,池内町数太木1749-1,,0985-39-8888,450009,0,0,0,1,1,1,0,0,0,0,0,1807,45,
渡辺産婦人科,8830022,大字平岩718,,0982-57-1011,450010,0,0,0,1,1,1,0,0,0,0,0,1812,45,
野田医院,8850051,蔵原町9-18,,0986-24-8553,450011,0,0,0,1,1,1,0,0,0,0,0,1808,45,
とえだウイメンズクリニック,8800812,高千穂通2-5-5,とえだビル 3,0985-32-0511,450012,0,0,0,1,1,1,0,0,0,0,0,1807,45,
ゆげレディスクリニック,8800805,橘通東4-8-1,カリーノ宮崎3F,0985-77-8288,450013,0,0,0,1,1,1,0,0,0,0,0,1807,45,
鹿児島大学,890-8520,桜ケ丘8-35-1,,099-275-5111,460001,1,1,1,1,1,1,0,0,0,0,0,1833,46,
鹿児島医療センター,8920853,城山町8-1,,099-223-1151,460003,1,1,0,0,0,0,0,0,0,0,0,1833,46,
鹿児島市立病院,8908760,上荒田町37-1,,099-230-7000,460004,1,1,1,0,0,0,0,0,0,0,0,1833,46,
済生会川内病院,8950074,原田町2-46,,0996-23-5221,460007,1,0,1,0,0,0,0,0,0,0,0,1841,46,
竹内レディースクリニック,8995421,東餅田502-2,,0995-65-2296,460009,0,0,0,1,1,1,4,1,0,1,1,1851,46,
レディースクリニックあいいく,8910114,小松原1-40-2,,099-260-8878,460011,0,0,0,1,1,1,0,0,0,0,0,1833,46,
松田ウイメンズクリニック,8920844,山之口町1-10,鹿児島中央ビル3F,099-224-4124,460013,0,0,0,1,1,1,2,0,1,0,0,1833,46,
フィオーレ第一病院,8995215,加治木町本町307-1,,0995-63-2158,460015,0,0,0,1,1,1,0,0,0,0,0,1851,46,
今給黎総合病院,8928502,下竜尾町4-16,,099-226-2211,460016,1,0,1,0,0,0,0,0,0,0,0,1833,46,
あかつきＡＲＴクリニック,8900053,中央町4-4-34,,099-296-8177,460017,0,0,0,1,1,1,0,0,0,0,0,1833,46,
徳永産婦人科,8900034,田上2-27-17,,099-202-0007,460018,0,0,0,1,1,1,0,0,0,0,0,1833,46,
沖縄赤十字病院,9028588,与儀1-3-1,,098-853-3134,470001,1,0,0,0,0,0,0,0,0,0,0,1876,47,
豊見城中央病院,9010243,字上田25,,098-850-3811,470002,1,1,1,1,1,1,0,0,0,0,0,1883,47,
ハ－トライフ病院,9012492,字伊集208,,098-895-3255,470005,1,0,0,0,0,0,0,0,0,0,0,1900,47,
那覇市立病院,9028511,古島2-31-1,,098-884-5111,470006,1,1,1,0,0,0,0,0,0,0,0,1876,47,
沖縄県立南部医療センター・こども医療センター,9011193,字新川118-1,,098-888-0123,470007,1,0,1,0,0,0,0,0,0,0,0,1903,47,
琉球大学,9030215,字上原207,,098-895-3331,470008,1,1,1,1,1,1,7,0,0,0,0,1901,47,
中頭病院,9042195,字登川610,,098-939-1300,470009,1,0,0,0,0,0,0,0,0,0,0,1882,47,
沖縄県立中部病院,9042293,宮里281,,098-973-4111,470010,1,1,1,0,0,0,0,0,0,0,0,1884,47,
やびく産婦人科・小児科,9040111,字砂辺306,,098-936-6789,470013,0,0,0,1,1,1,0,0,0,0,0,1898,47,
ウィメンズクリニック糸数,9000012,泊1-29-12,,098-869-8395,470014,0,0,0,1,1,1,0,0,0,0,0,1876,47,
うえむら病院リプロダクティブセンター,9012424,字南上原803-3,,098‐895‐3535,470016,0,0,0,1,1,1,0,0,0,0,0,1900,47,
空の森クリニック,9010406,字屋宜原229-1,,098-998-0011,470018,0,0,0,1,1,1,0,0,0,0,0,1913,47,
沖縄県立北部病院,9058512,大中2-12-3,,0980-52-2719,470019,0,0,1,0,0,0,0,0,0,0,0,1880,47,